phase,arm,world,mean_ap,initialization_count,undefined_reason
heldout,gbdt_fixed20,W1,1.0,5,
heldout,gbdt_fixed20,W2,0.5092592592592593,5,
heldout,gbdt_fixed20,W3,0.915079365079365,5,
heldout,gbdt_fixed20,W4,1.0,5,
heldout,fixed20_tabular_neural_control,W1,0.9095238095238095,5,
heldout,fixed20_tabular_neural_control,W2,0.7496723646723646,5,
heldout,fixed20_tabular_neural_control,W3,0.8303571428571429,5,
heldout,fixed20_tabular_neural_control,W4,0.5091748991748992,5,
heldout,directed_local_edge_gnn,W1,0.22538910678403043,5,
heldout,directed_local_edge_gnn,W2,0.14339971505807567,5,
heldout,directed_local_edge_gnn,W3,0.5529831649831649,5,
heldout,directed_local_edge_gnn,W4,0.1955198258499312,5,
heldout,simplicial_mpsn_style_local,W1,0.2229695111126106,5,
heldout,simplicial_mpsn_style_local,W2,0.24961956010201622,5,
heldout,simplicial_mpsn_style_local,W3,0.2385048709986834,5,
heldout,simplicial_mpsn_style_local,W4,0.2675194736311237,5,
heldout,cellular_hasse_mechanism_control,W1,0.2259158932784601,5,
heldout,cellular_hasse_mechanism_control,W2,0.289162630327491,5,
heldout,cellular_hasse_mechanism_control,W3,0.21940379044269204,5,
heldout,cellular_hasse_mechanism_control,W4,0.20451963404526707,5,
heldout,cellular_cwn_style_local,W1,0.1623437942371581,5,
heldout,cellular_cwn_style_local,W2,0.28785251549055735,5,
heldout,cellular_cwn_style_local,W3,0.22824600346778862,5,
heldout,cellular_cwn_style_local,W4,0.18129953820549705,5,
