phase,arm,reference,world,ap_difference,undefined_reason
heldout,fixed20_tabular_neural_control,gbdt_fixed20,W1,-0.09047619047619049,
heldout,fixed20_tabular_neural_control,gbdt_fixed20,W2,0.24041310541310534,
heldout,fixed20_tabular_neural_control,gbdt_fixed20,W3,-0.08472222222222214,
heldout,fixed20_tabular_neural_control,gbdt_fixed20,W4,-0.4908251008251008,
heldout,fixed20_tabular_neural_control,gbdt_fixed20,equal_world_mean,-0.10640260202760202,
heldout,directed_local_edge_gnn,gbdt_fixed20,W1,-0.7746108932159695,
heldout,directed_local_edge_gnn,gbdt_fixed20,W2,-0.3658595442011836,
heldout,directed_local_edge_gnn,gbdt_fixed20,W3,-0.36209620009620014,
heldout,directed_local_edge_gnn,gbdt_fixed20,W4,-0.8044801741500688,
heldout,directed_local_edge_gnn,gbdt_fixed20,equal_world_mean,-0.5767617029158555,
heldout,simplicial_mpsn_style_local,gbdt_fixed20,W1,-0.7770304888873893,
heldout,simplicial_mpsn_style_local,gbdt_fixed20,W2,-0.25963969915724305,
heldout,simplicial_mpsn_style_local,gbdt_fixed20,W3,-0.6765744940806817,
heldout,simplicial_mpsn_style_local,gbdt_fixed20,W4,-0.7324805263688763,
heldout,simplicial_mpsn_style_local,gbdt_fixed20,equal_world_mean,-0.6114313021235476,
heldout,cellular_hasse_mechanism_control,gbdt_fixed20,W1,-0.7740841067215399,
heldout,cellular_hasse_mechanism_control,gbdt_fixed20,W2,-0.2200966289317683,
heldout,cellular_hasse_mechanism_control,gbdt_fixed20,W3,-0.695675574636673,
heldout,cellular_hasse_mechanism_control,gbdt_fixed20,W4,-0.7954803659547329,
heldout,cellular_hasse_mechanism_control,gbdt_fixed20,equal_world_mean,-0.6213341690611786,
heldout,cellular_cwn_style_local,gbdt_fixed20,W1,-0.8376562057628418,
heldout,cellular_cwn_style_local,gbdt_fixed20,W2,-0.22140674376870195,
heldout,cellular_cwn_style_local,gbdt_fixed20,W3,-0.6868333616115765,
heldout,cellular_cwn_style_local,gbdt_fixed20,W4,-0.818700461794503,
heldout,cellular_cwn_style_local,gbdt_fixed20,equal_world_mean,-0.6411491932344058,
