arm,split,average_precision_grouped_threshold,auroc_half_tie,binary_cross_entropy_logits,positives,negatives,n,phase,stage,world,initialization,selected_epoch,source_phase,last_epoch,selected_initial_rate,stability_status
cellular_cwn_style_local,training,0.20536990624709922,0.8078703703703703,0.21092553416042042,6,72,78,development_continuation,selected_checkpoint,D1,I1,1000,validation_selected_checkpoint,,,
cellular_cwn_style_local,training,0.3014957264957265,0.8425925925925926,0.21084124326794806,6,72,78,development_continuation,selected_checkpoint,D2,I1,1000,validation_selected_checkpoint,,,
cellular_cwn_style_local,training,0.2323517126148705,0.8425925925925926,0.20501175541422684,6,72,78,development_continuation,selected_checkpoint,D3,I1,1000,validation_selected_checkpoint,,,
cellular_cwn_style_local,training,0.34375570151432217,0.7407407407407407,0.22061204438387427,6,72,78,development_continuation,selected_checkpoint,D4,I1,1000,validation_selected_checkpoint,,,
cellular_cwn_style_local,validation,0.19475308641975306,0.7916666666666666,0.21319515949235224,6,72,78,development_continuation,selected_checkpoint,D5,I1,1000,validation_selected_checkpoint,,,
cellular_cwn_style_local,validation,0.19750330687830686,0.7824074074074074,0.22010963938018221,6,72,78,development_continuation,selected_checkpoint,D6,I1,1000,validation_selected_checkpoint,,,
cellular_cwn_style_local,training,0.23137907492746201,0.7731481481481481,0.21347051554112562,6,72,78,development_continuation,selected_checkpoint,D1,I2,1175,validation_selected_checkpoint,,,
cellular_cwn_style_local,training,0.32061597406424996,0.7800925925925926,0.22010001090912631,6,72,78,development_continuation,selected_checkpoint,D2,I2,1175,validation_selected_checkpoint,,,
cellular_cwn_style_local,training,0.17717506631299734,0.7754629629629629,0.21190283129678497,6,72,78,development_continuation,selected_checkpoint,D3,I2,1175,validation_selected_checkpoint,,,
cellular_cwn_style_local,training,0.21101076445904032,0.7986111111111112,0.21967030952865266,6,72,78,development_continuation,selected_checkpoint,D4,I2,1175,validation_selected_checkpoint,,,
cellular_cwn_style_local,validation,0.25591734654234655,0.7800925925925926,0.2153258191366416,6,72,78,development_continuation,selected_checkpoint,D5,I2,1175,validation_selected_checkpoint,,,
cellular_cwn_style_local,validation,0.16299762329174095,0.7430555555555556,0.22208283474068727,6,72,78,development_continuation,selected_checkpoint,D6,I2,1175,validation_selected_checkpoint,,,
cellular_cwn_style_local,training,0.21663059163059162,0.7986111111111112,0.21094960319070624,6,72,78,development_continuation,selected_checkpoint,D1,I3,1450,validation_selected_checkpoint,,,
cellular_cwn_style_local,training,0.38096946912736385,0.8287037037037037,0.20876309637583676,6,72,78,development_continuation,selected_checkpoint,D2,I3,1450,validation_selected_checkpoint,,,
cellular_cwn_style_local,training,0.4064935064935065,0.8564814814814815,0.20172665472025328,6,72,78,development_continuation,selected_checkpoint,D3,I3,1450,validation_selected_checkpoint,,,
cellular_cwn_style_local,training,0.2725328013753061,0.7962962962962963,0.21803337649325477,6,72,78,development_continuation,selected_checkpoint,D4,I3,1450,validation_selected_checkpoint,,,
cellular_cwn_style_local,validation,0.2544973544973545,0.8125,0.2126678156156146,6,72,78,development_continuation,selected_checkpoint,D5,I3,1450,validation_selected_checkpoint,,,
cellular_cwn_style_local,validation,0.35356622856622855,0.8125,0.21376247619891794,6,72,78,development_continuation,selected_checkpoint,D6,I3,1450,validation_selected_checkpoint,,,
cellular_cwn_style_local,training,0.48642857142857143,0.8912037037037037,0.17210438634384012,6,72,78,development_continuation,selected_checkpoint,D1,I4,1225,validation_selected_checkpoint,,,
cellular_cwn_style_local,training,0.5004084967320261,0.8981481481481481,0.17779050540340766,6,72,78,development_continuation,selected_checkpoint,D2,I4,1225,validation_selected_checkpoint,,,
cellular_cwn_style_local,training,0.524533904618056,0.8703703703703703,0.1687912728125634,6,72,78,development_continuation,selected_checkpoint,D3,I4,1225,validation_selected_checkpoint,,,
cellular_cwn_style_local,training,0.30153218694885364,0.8240740740740741,0.2265139202824215,6,72,78,development_continuation,selected_checkpoint,D4,I4,1225,validation_selected_checkpoint,,,
cellular_cwn_style_local,validation,0.32165566103738147,0.7569444444444444,0.20443989936596735,6,72,78,development_continuation,selected_checkpoint,D5,I4,1225,validation_selected_checkpoint,,,
cellular_cwn_style_local,validation,0.2859638047138047,0.8310185185185185,0.21015359944874396,6,72,78,development_continuation,selected_checkpoint,D6,I4,1225,validation_selected_checkpoint,,,
cellular_cwn_style_local,training,0.7787397787397787,0.9722222222222222,0.12835070456416192,6,72,78,development_continuation,selected_checkpoint,D1,I5,1600,validation_selected_checkpoint,,,
cellular_cwn_style_local,training,0.7751683501683502,0.9745370370370371,0.1284587938519562,6,72,78,development_continuation,selected_checkpoint,D2,I5,1600,validation_selected_checkpoint,,,
cellular_cwn_style_local,training,0.6277777777777778,0.9583333333333334,0.13586633553785138,6,72,78,development_continuation,selected_checkpoint,D3,I5,1600,validation_selected_checkpoint,,,
cellular_cwn_style_local,training,0.611111111111111,0.9212962962962963,0.1565851302424949,6,72,78,development_continuation,selected_checkpoint,D4,I5,1600,validation_selected_checkpoint,,,
cellular_cwn_style_local,validation,0.47984607984607985,0.9120370370370371,0.17466352566448526,6,72,78,development_continuation,selected_checkpoint,D5,I5,1600,validation_selected_checkpoint,,,
cellular_cwn_style_local,validation,0.3169825343738387,0.8796296296296297,0.18733369022926263,6,72,78,development_continuation,selected_checkpoint,D6,I5,1600,validation_selected_checkpoint,,,
cellular_hasse_mechanism_control,training,0.22648489503328215,0.7546296296296297,0.22008976971349403,6,72,78,development_continuation,selected_checkpoint,D1,I1,1125,validation_selected_checkpoint,,,
cellular_hasse_mechanism_control,training,0.328968253968254,0.7847222222222222,0.21990066725105728,6,72,78,development_continuation,selected_checkpoint,D2,I1,1125,validation_selected_checkpoint,,,
cellular_hasse_mechanism_control,training,0.21913310643149353,0.7731481481481481,0.22037965743530435,6,72,78,development_continuation,selected_checkpoint,D3,I1,1125,validation_selected_checkpoint,,,
cellular_hasse_mechanism_control,training,0.22987905813992773,0.7662037037037037,0.22029618618207367,6,72,78,development_continuation,selected_checkpoint,D4,I1,1125,validation_selected_checkpoint,,,
cellular_hasse_mechanism_control,validation,0.4580618212197159,0.8125,0.21788751323512406,6,72,78,development_continuation,selected_checkpoint,D5,I1,1125,validation_selected_checkpoint,,,
cellular_hasse_mechanism_control,validation,0.20523062463851938,0.7824074074074074,0.22010595578580658,6,72,78,development_continuation,selected_checkpoint,D6,I1,1125,validation_selected_checkpoint,,,
cellular_hasse_mechanism_control,training,0.20553571428571427,0.7824074074074074,0.22078989988852007,6,72,78,development_continuation,selected_checkpoint,D1,I2,1350,validation_selected_checkpoint,,,
cellular_hasse_mechanism_control,training,0.369462481962482,0.8449074074074074,0.2126026576401409,6,72,78,development_continuation,selected_checkpoint,D2,I2,1350,validation_selected_checkpoint,,,
cellular_hasse_mechanism_control,training,0.21002827184892403,0.7476851851851852,0.22291989343867813,6,72,78,development_continuation,selected_checkpoint,D3,I2,1350,validation_selected_checkpoint,,,
cellular_hasse_mechanism_control,training,0.32395382395382394,0.8101851851851852,0.20691867995019814,6,72,78,development_continuation,selected_checkpoint,D4,I2,1350,validation_selected_checkpoint,,,
cellular_hasse_mechanism_control,validation,0.21782723277398733,0.8217592592592593,0.21344542814569337,6,72,78,development_continuation,selected_checkpoint,D5,I2,1350,validation_selected_checkpoint,,,
cellular_hasse_mechanism_control,validation,0.25061249137336095,0.8009259259259259,0.2191876443964747,6,72,78,development_continuation,selected_checkpoint,D6,I2,1350,validation_selected_checkpoint,,,
cellular_hasse_mechanism_control,training,0.2165934065934066,0.7430555555555556,0.22086789749206653,6,72,78,development_continuation,selected_checkpoint,D1,I3,3375,validation_selected_checkpoint,,,
cellular_hasse_mechanism_control,training,0.29520315239917105,0.8078703703703703,0.2043090252284894,6,72,78,development_continuation,selected_checkpoint,D2,I3,3375,validation_selected_checkpoint,,,
cellular_hasse_mechanism_control,training,0.2582481800574367,0.7916666666666666,0.20853212766421814,6,72,78,development_continuation,selected_checkpoint,D3,I3,3375,validation_selected_checkpoint,,,
cellular_hasse_mechanism_control,training,0.26643436131927184,0.8310185185185185,0.21148981943986497,6,72,78,development_continuation,selected_checkpoint,D4,I3,3375,validation_selected_checkpoint,,,
cellular_hasse_mechanism_control,validation,0.4143086210149029,0.8078703703703703,0.20602898530894903,6,72,78,development_continuation,selected_checkpoint,D5,I3,3375,validation_selected_checkpoint,,,
cellular_hasse_mechanism_control,validation,0.22127594627594627,0.7685185185185185,0.21424851679958282,6,72,78,development_continuation,selected_checkpoint,D6,I3,3375,validation_selected_checkpoint,,,
cellular_hasse_mechanism_control,training,0.2787851982898422,0.8240740740740741,0.20841087612970957,6,72,78,development_continuation,selected_checkpoint,D1,I4,670,validation_selected_checkpoint,,,
cellular_hasse_mechanism_control,training,0.20996581428270236,0.8148148148148148,0.21908478160543232,6,72,78,development_continuation,selected_checkpoint,D2,I4,670,validation_selected_checkpoint,,,
cellular_hasse_mechanism_control,training,0.2723615464994775,0.8495370370370371,0.20263097562578308,6,72,78,development_continuation,selected_checkpoint,D3,I4,670,validation_selected_checkpoint,,,
cellular_hasse_mechanism_control,training,0.16375301865541342,0.7152777777777778,0.22289377520360285,6,72,78,development_continuation,selected_checkpoint,D4,I4,670,validation_selected_checkpoint,,,
cellular_hasse_mechanism_control,validation,0.267410951621478,0.8194444444444444,0.21283952495892342,6,72,78,development_continuation,selected_checkpoint,D5,I4,670,validation_selected_checkpoint,,,
cellular_hasse_mechanism_control,validation,0.23235531124250636,0.7662037037037037,0.22096750657830797,6,72,78,development_continuation,selected_checkpoint,D6,I4,670,validation_selected_checkpoint,,,
cellular_hasse_mechanism_control,training,0.2326884226884227,0.7662037037037037,0.2204286530786077,6,72,78,development_continuation,selected_checkpoint,D1,I5,1275,validation_selected_checkpoint,,,
cellular_hasse_mechanism_control,training,0.23182957979005078,0.7893518518518519,0.22033126861397148,6,72,78,development_continuation,selected_checkpoint,D2,I5,1275,validation_selected_checkpoint,,,
cellular_hasse_mechanism_control,training,0.20504736057896977,0.7708333333333334,0.2205332361586545,6,72,78,development_continuation,selected_checkpoint,D3,I5,1275,validation_selected_checkpoint,,,
cellular_hasse_mechanism_control,training,0.23291301169590645,0.7662037037037037,0.2205573169496297,6,72,78,development_continuation,selected_checkpoint,D4,I5,1275,validation_selected_checkpoint,,,
cellular_hasse_mechanism_control,validation,0.39023841655420605,0.7916666666666666,0.21972979744580443,6,72,78,development_continuation,selected_checkpoint,D5,I5,1275,validation_selected_checkpoint,,,
cellular_hasse_mechanism_control,validation,0.20124873325337722,0.7777777777777778,0.22045266604911598,6,72,78,development_continuation,selected_checkpoint,D6,I5,1275,validation_selected_checkpoint,,,
directed_local_edge_gnn,training,0.35781926406926406,0.8449074074074074,0.20385176844080735,6,72,78,development_continuation,selected_checkpoint,D1,I1,875,validation_selected_checkpoint,,,
directed_local_edge_gnn,training,0.4270993343573989,0.8379629629629629,0.2065097314252857,6,72,78,development_continuation,selected_checkpoint,D2,I1,875,validation_selected_checkpoint,,,
directed_local_edge_gnn,training,0.21379372543165645,0.8125,0.20574110850721056,6,72,78,development_continuation,selected_checkpoint,D3,I1,875,validation_selected_checkpoint,,,
directed_local_edge_gnn,training,0.18687349687349686,0.8055555555555556,0.20533572625444058,6,72,78,development_continuation,selected_checkpoint,D4,I1,875,validation_selected_checkpoint,,,
directed_local_edge_gnn,validation,0.3564560439560439,0.8449074074074074,0.20005843030112128,6,72,78,development_continuation,selected_checkpoint,D5,I1,875,validation_selected_checkpoint,,,
directed_local_edge_gnn,validation,0.23107986350739973,0.8148148148148148,0.2059355521224691,6,72,78,development_continuation,selected_checkpoint,D6,I1,875,validation_selected_checkpoint,,,
directed_local_edge_gnn,training,0.3420871243451888,0.8287037037037037,0.20556327670783361,6,72,78,development_continuation,selected_checkpoint,D1,I2,825,validation_selected_checkpoint,,,
directed_local_edge_gnn,training,0.36484962406015037,0.8449074074074074,0.20525459434494153,6,72,78,development_continuation,selected_checkpoint,D2,I2,825,validation_selected_checkpoint,,,
directed_local_edge_gnn,training,0.19151739065532167,0.7939814814814815,0.20911779365248284,6,72,78,development_continuation,selected_checkpoint,D3,I2,825,validation_selected_checkpoint,,,
directed_local_edge_gnn,training,0.17862322862322863,0.7939814814814815,0.20639981013073913,6,72,78,development_continuation,selected_checkpoint,D4,I2,825,validation_selected_checkpoint,,,
directed_local_edge_gnn,validation,0.3900383141762452,0.8449074074074074,0.20169237719343647,6,72,78,development_continuation,selected_checkpoint,D5,I2,825,validation_selected_checkpoint,,,
directed_local_edge_gnn,validation,0.22530864197530864,0.8217592592592593,0.20502971260045177,6,72,78,development_continuation,selected_checkpoint,D6,I2,825,validation_selected_checkpoint,,,
directed_local_edge_gnn,training,0.34963235294117645,0.8449074074074074,0.2060826670241034,6,72,78,development_continuation,selected_checkpoint,D1,I3,690,validation_selected_checkpoint,,,
directed_local_edge_gnn,training,0.374549062049062,0.8425925925925926,0.2080573614682136,6,72,78,development_continuation,selected_checkpoint,D2,I3,690,validation_selected_checkpoint,,,
directed_local_edge_gnn,training,0.21481884057971012,0.8194444444444444,0.20670840999842519,6,72,78,development_continuation,selected_checkpoint,D3,I3,690,validation_selected_checkpoint,,,
directed_local_edge_gnn,training,0.17952510452510453,0.7939814814814815,0.20831919218842523,6,72,78,development_continuation,selected_checkpoint,D4,I3,690,validation_selected_checkpoint,,,
directed_local_edge_gnn,validation,0.31489139515455306,0.8680555555555556,0.20036809500648115,6,72,78,development_continuation,selected_checkpoint,D5,I3,690,validation_selected_checkpoint,,,
directed_local_edge_gnn,validation,0.22357690202517788,0.8194444444444444,0.20810711515145228,6,72,78,development_continuation,selected_checkpoint,D6,I3,690,validation_selected_checkpoint,,,
directed_local_edge_gnn,training,0.2990973811339944,0.8425925925925926,0.20551085421266757,6,72,78,development_continuation,selected_checkpoint,D1,I4,780,validation_selected_checkpoint,,,
directed_local_edge_gnn,training,0.33205965181771635,0.8425925925925926,0.20778705122570867,6,72,78,development_continuation,selected_checkpoint,D2,I4,780,validation_selected_checkpoint,,,
directed_local_edge_gnn,training,0.22623188405797098,0.8240740740740741,0.2047841587864854,6,72,78,development_continuation,selected_checkpoint,D3,I4,780,validation_selected_checkpoint,,,
directed_local_edge_gnn,training,0.1820755141121274,0.7986111111111112,0.20890978385907544,6,72,78,development_continuation,selected_checkpoint,D4,I4,780,validation_selected_checkpoint,,,
directed_local_edge_gnn,validation,0.3065580618212197,0.8680555555555556,0.19993681640730365,6,72,78,development_continuation,selected_checkpoint,D5,I4,780,validation_selected_checkpoint,,,
directed_local_edge_gnn,validation,0.21128170041963143,0.8032407407407407,0.20914268044557574,6,72,78,development_continuation,selected_checkpoint,D6,I4,780,validation_selected_checkpoint,,,
directed_local_edge_gnn,training,0.49553571428571436,0.8842592592592593,0.19575064972611328,6,72,78,development_continuation,selected_checkpoint,D1,I5,1125,validation_selected_checkpoint,,,
directed_local_edge_gnn,training,0.3891520244461421,0.8402777777777778,0.20546128495305724,6,72,78,development_continuation,selected_checkpoint,D2,I5,1125,validation_selected_checkpoint,,,
directed_local_edge_gnn,training,0.24488474488474488,0.8611111111111112,0.20036632044577057,6,72,78,development_continuation,selected_checkpoint,D3,I5,1125,validation_selected_checkpoint,,,
directed_local_edge_gnn,training,0.21581196581196582,0.8333333333333334,0.2036413575065219,6,72,78,development_continuation,selected_checkpoint,D4,I5,1125,validation_selected_checkpoint,,,
directed_local_edge_gnn,validation,0.25785233285233283,0.8449074074074074,0.19695237861483283,6,72,78,development_continuation,selected_checkpoint,D5,I5,1125,validation_selected_checkpoint,,,
directed_local_edge_gnn,validation,0.2928916150898909,0.8078703703703703,0.20661648427382756,6,72,78,development_continuation,selected_checkpoint,D6,I5,1125,validation_selected_checkpoint,,,
simplicial_mpsn_style_local,training,0.22038174244056596,0.7939814814814815,0.21881575196418487,6,72,78,development_continuation,selected_checkpoint,D1,I1,800,validation_selected_checkpoint,,,
simplicial_mpsn_style_local,training,0.18907608907608908,0.7847222222222222,0.21974191767167126,6,72,78,development_continuation,selected_checkpoint,D2,I1,800,validation_selected_checkpoint,,,
simplicial_mpsn_style_local,training,0.2186981978781851,0.7870370370370371,0.21872084934778746,6,72,78,development_continuation,selected_checkpoint,D3,I1,800,validation_selected_checkpoint,,,
simplicial_mpsn_style_local,training,0.24516806722689077,0.8171296296296297,0.21785446546769172,6,72,78,development_continuation,selected_checkpoint,D4,I1,800,validation_selected_checkpoint,,,
simplicial_mpsn_style_local,validation,0.20407965596304092,0.7916666666666666,0.2192675079406059,6,72,78,development_continuation,selected_checkpoint,D5,I1,800,validation_selected_checkpoint,,,
simplicial_mpsn_style_local,validation,0.16871743538410205,0.7685185185185185,0.2180374854685332,6,72,78,development_continuation,selected_checkpoint,D6,I1,800,validation_selected_checkpoint,,,
simplicial_mpsn_style_local,training,0.25624780624780624,0.7847222222222222,0.2201063313990351,6,72,78,development_continuation,selected_checkpoint,D1,I2,925,validation_selected_checkpoint,,,
simplicial_mpsn_style_local,training,0.21974969474969477,0.7824074074074074,0.21986966410737388,6,72,78,development_continuation,selected_checkpoint,D2,I2,925,validation_selected_checkpoint,,,
simplicial_mpsn_style_local,training,0.20165904836533022,0.7731481481481481,0.2201147671161692,6,72,78,development_continuation,selected_checkpoint,D3,I2,925,validation_selected_checkpoint,,,
simplicial_mpsn_style_local,training,0.2648385565052232,0.8055555555555556,0.21824466445938384,6,72,78,development_continuation,selected_checkpoint,D4,I2,925,validation_selected_checkpoint,,,
simplicial_mpsn_style_local,validation,0.2043275924854872,0.7777777777777778,0.21765722925997943,6,72,78,development_continuation,selected_checkpoint,D5,I2,925,validation_selected_checkpoint,,,
simplicial_mpsn_style_local,validation,0.3471769388436055,0.8078703703703703,0.21810806679067354,6,72,78,development_continuation,selected_checkpoint,D6,I2,925,validation_selected_checkpoint,,,
simplicial_mpsn_style_local,training,0.2673053049891285,0.7986111111111112,0.21967561169419186,6,72,78,development_continuation,selected_checkpoint,D1,I3,925,validation_selected_checkpoint,,,
simplicial_mpsn_style_local,training,0.21059218559218562,0.7893518518518519,0.2201052460537845,6,72,78,development_continuation,selected_checkpoint,D2,I3,925,validation_selected_checkpoint,,,
simplicial_mpsn_style_local,training,0.2295465362556817,0.7824074074074074,0.22034003115627357,6,72,78,development_continuation,selected_checkpoint,D3,I3,925,validation_selected_checkpoint,,,
simplicial_mpsn_style_local,training,0.2288800705467372,0.8171296296296297,0.21794969527817756,6,72,78,development_continuation,selected_checkpoint,D4,I3,925,validation_selected_checkpoint,,,
simplicial_mpsn_style_local,validation,0.2094663629146388,0.7939814814814815,0.21837857358320775,6,72,78,development_continuation,selected_checkpoint,D5,I3,925,validation_selected_checkpoint,,,
simplicial_mpsn_style_local,validation,0.20818539389173427,0.7962962962962963,0.21838676949214197,6,72,78,development_continuation,selected_checkpoint,D6,I3,925,validation_selected_checkpoint,,,
simplicial_mpsn_style_local,training,0.341365231990232,0.7870370370370371,0.21974035633382796,6,72,78,development_continuation,selected_checkpoint,D1,I4,750,validation_selected_checkpoint,,,
simplicial_mpsn_style_local,training,0.22756484707704222,0.7916666666666666,0.21939432280780907,6,72,78,development_continuation,selected_checkpoint,D2,I4,750,validation_selected_checkpoint,,,
simplicial_mpsn_style_local,training,0.2086520553583372,0.7777777777777778,0.22031179595031936,6,72,78,development_continuation,selected_checkpoint,D3,I4,750,validation_selected_checkpoint,,,
simplicial_mpsn_style_local,training,0.27442002442002444,0.8078703703703703,0.2181768824867843,6,72,78,development_continuation,selected_checkpoint,D4,I4,750,validation_selected_checkpoint,,,
simplicial_mpsn_style_local,validation,0.23001949317738793,0.7962962962962963,0.21786531923895863,6,72,78,development_continuation,selected_checkpoint,D5,I4,750,validation_selected_checkpoint,,,
simplicial_mpsn_style_local,validation,0.2117243867243867,0.7986111111111112,0.2178206381038057,6,72,78,development_continuation,selected_checkpoint,D6,I4,750,validation_selected_checkpoint,,,
simplicial_mpsn_style_local,training,0.2173115079365079,0.7962962962962963,0.21917352259896608,6,72,78,development_continuation,selected_checkpoint,D1,I5,1150,validation_selected_checkpoint,,,
simplicial_mpsn_style_local,training,0.17603107308989663,0.7731481481481481,0.21967318933762228,6,72,78,development_continuation,selected_checkpoint,D2,I5,1150,validation_selected_checkpoint,,,
simplicial_mpsn_style_local,training,0.2069569206993142,0.7870370370370371,0.2180864472701453,6,72,78,development_continuation,selected_checkpoint,D3,I5,1150,validation_selected_checkpoint,,,
simplicial_mpsn_style_local,training,0.23390741811794444,0.8217592592592593,0.21812044528872868,6,72,78,development_continuation,selected_checkpoint,D4,I5,1150,validation_selected_checkpoint,,,
simplicial_mpsn_style_local,validation,0.24419755362960233,0.8078703703703703,0.21763735747675134,6,72,78,development_continuation,selected_checkpoint,D5,I5,1150,validation_selected_checkpoint,,,
simplicial_mpsn_style_local,validation,0.17998993504211722,0.7893518518518519,0.21896763562814406,6,72,78,development_continuation,selected_checkpoint,D6,I5,1150,validation_selected_checkpoint,,,
cellular_cwn_style_local,training,0.9484126984126984,0.9953703703703703,0.055016101883833046,6,72,78,development_continuation,terminal_endpoint,D1,I1,,,4000,0.01,NOT_ESTABLISHED
cellular_cwn_style_local,training,0.9102564102564102,0.9837962962962963,0.08479001909128667,6,72,78,development_continuation,terminal_endpoint,D2,I1,,,4000,0.01,NOT_ESTABLISHED
cellular_cwn_style_local,training,0.9761904761904762,0.9976851851851852,0.04600318760394509,6,72,78,development_continuation,terminal_endpoint,D3,I1,,,4000,0.01,NOT_ESTABLISHED
cellular_cwn_style_local,training,0.9444444444444444,0.9930555555555556,0.07643292023787614,6,72,78,development_continuation,terminal_endpoint,D4,I1,,,4000,0.01,NOT_ESTABLISHED
cellular_cwn_style_local,validation,0.205253587511652,0.7777777777777778,0.3993871985670008,6,72,78,development_continuation,terminal_endpoint,D5,I1,,,4000,0.01,NOT_ESTABLISHED
cellular_cwn_style_local,validation,0.158949981148257,0.7523148148148148,0.33114455442455176,6,72,78,development_continuation,terminal_endpoint,D6,I1,,,4000,0.01,NOT_ESTABLISHED
cellular_cwn_style_local,training,0.9761904761904762,0.9976851851851852,0.03868215452957091,6,72,78,development_continuation,terminal_endpoint,D1,I2,,,4000,0.01,NOT_ESTABLISHED
cellular_cwn_style_local,training,1.0,1.0,0.004901580296167723,6,72,78,development_continuation,terminal_endpoint,D2,I2,,,4000,0.01,NOT_ESTABLISHED
cellular_cwn_style_local,training,1.0,1.0,0.012562892116627526,6,72,78,development_continuation,terminal_endpoint,D3,I2,,,4000,0.01,NOT_ESTABLISHED
cellular_cwn_style_local,training,1.0,1.0,0.016697070440192315,6,72,78,development_continuation,terminal_endpoint,D4,I2,,,4000,0.01,NOT_ESTABLISHED
cellular_cwn_style_local,validation,0.3904234654234654,0.8148148148148148,0.46242510198082487,6,72,78,development_continuation,terminal_endpoint,D5,I2,,,4000,0.01,NOT_ESTABLISHED
cellular_cwn_style_local,validation,0.16741536893220804,0.7615740740740741,0.5421888081112172,6,72,78,development_continuation,terminal_endpoint,D6,I2,,,4000,0.01,NOT_ESTABLISHED
cellular_cwn_style_local,training,1.0,1.0,0.006095731000436737,6,72,78,development_continuation,terminal_endpoint,D1,I3,,,4000,0.01,NOT_ESTABLISHED
cellular_cwn_style_local,training,1.0,1.0,0.00494976068006511,6,72,78,development_continuation,terminal_endpoint,D2,I3,,,4000,0.01,NOT_ESTABLISHED
cellular_cwn_style_local,training,1.0,1.0,0.003128529679220444,6,72,78,development_continuation,terminal_endpoint,D3,I3,,,4000,0.01,NOT_ESTABLISHED
cellular_cwn_style_local,training,1.0,1.0,0.017879910797655996,6,72,78,development_continuation,terminal_endpoint,D4,I3,,,4000,0.01,NOT_ESTABLISHED
cellular_cwn_style_local,validation,0.19170195746282703,0.7939814814814815,0.702202961006213,6,72,78,development_continuation,terminal_endpoint,D5,I3,,,4000,0.01,NOT_ESTABLISHED
cellular_cwn_style_local,validation,0.2927579365079365,0.8217592592592593,0.39854116844124254,6,72,78,development_continuation,terminal_endpoint,D6,I3,,,4000,0.01,NOT_ESTABLISHED
cellular_cwn_style_local,training,0.6784816490698844,0.9375,0.112290570132648,6,72,78,development_continuation,terminal_endpoint,D1,I4,,,4000,0.01,NOT_ESTABLISHED
cellular_cwn_style_local,training,0.8218253968253967,0.9837962962962963,0.0791054322751521,6,72,78,development_continuation,terminal_endpoint,D2,I4,,,4000,0.01,NOT_ESTABLISHED
cellular_cwn_style_local,training,0.7002645502645503,0.9467592592592593,0.11804792775556948,6,72,78,development_continuation,terminal_endpoint,D3,I4,,,4000,0.01,NOT_ESTABLISHED
cellular_cwn_style_local,training,0.9484126984126984,0.9953703703703703,0.0817063162833288,6,72,78,development_continuation,terminal_endpoint,D4,I4,,,4000,0.01,NOT_ESTABLISHED
cellular_cwn_style_local,validation,0.16516827386392605,0.7291666666666666,0.4557087088148687,6,72,78,development_continuation,terminal_endpoint,D5,I4,,,4000,0.01,NOT_ESTABLISHED
cellular_cwn_style_local,validation,0.4725885225885225,0.8425925925925926,0.2712810205802036,6,72,78,development_continuation,terminal_endpoint,D6,I4,,,4000,0.01,NOT_ESTABLISHED
cellular_cwn_style_local,training,0.6111111111111109,0.9027777777777778,0.18621360808363047,6,72,78,development_continuation,terminal_endpoint,D1,I5,,,4000,0.01,NOT_ESTABLISHED
cellular_cwn_style_local,training,0.682719241542771,0.9189814814814815,0.17868868459346338,6,72,78,development_continuation,terminal_endpoint,D2,I5,,,4000,0.01,NOT_ESTABLISHED
cellular_cwn_style_local,training,0.4479166666666667,0.9027777777777778,0.16739548371252327,6,72,78,development_continuation,terminal_endpoint,D3,I5,,,4000,0.01,NOT_ESTABLISHED
cellular_cwn_style_local,training,0.6465099715099714,0.9351851851851852,0.1753567578503254,6,72,78,development_continuation,terminal_endpoint,D4,I5,,,4000,0.01,NOT_ESTABLISHED
cellular_cwn_style_local,validation,0.3850880932082978,0.8425925925925926,0.21979281939499168,6,72,78,development_continuation,terminal_endpoint,D5,I5,,,4000,0.01,NOT_ESTABLISHED
cellular_cwn_style_local,validation,0.2364299530048204,0.7939814814814815,0.3111677823083029,6,72,78,development_continuation,terminal_endpoint,D6,I5,,,4000,0.01,NOT_ESTABLISHED
simplicial_mpsn_style_local,training,0.18211319304415247,0.7638888888888888,0.2208444735223228,6,72,78,development_continuation,terminal_endpoint,D1,I1,,,4000,0.03,NOT_ESTABLISHED
simplicial_mpsn_style_local,training,0.22890381223714557,0.7592592592592593,0.22084509059071772,6,72,78,development_continuation,terminal_endpoint,D2,I1,,,4000,0.03,NOT_ESTABLISHED
simplicial_mpsn_style_local,training,0.19628408170074835,0.7685185185185185,0.2208484069612944,6,72,78,development_continuation,terminal_endpoint,D3,I1,,,4000,0.03,NOT_ESTABLISHED
simplicial_mpsn_style_local,training,0.1831807081807082,0.7592592592592593,0.22085139852745014,6,72,78,development_continuation,terminal_endpoint,D4,I1,,,4000,0.03,NOT_ESTABLISHED
simplicial_mpsn_style_local,validation,0.3093703494099646,0.7638888888888888,0.2208388532526601,6,72,78,development_continuation,terminal_endpoint,D5,I1,,,4000,0.03,NOT_ESTABLISHED
simplicial_mpsn_style_local,validation,0.19183986125162594,0.7523148148148148,0.22085044208315766,6,72,78,development_continuation,terminal_endpoint,D6,I1,,,4000,0.03,NOT_ESTABLISHED
simplicial_mpsn_style_local,training,0.9583333333333334,0.9953703703703703,0.0844682375050298,6,72,78,development_continuation,terminal_endpoint,D1,I2,,,4000,0.03,NOT_ESTABLISHED
simplicial_mpsn_style_local,training,0.9305555555555556,0.9930555555555556,0.0967820091185581,6,72,78,development_continuation,terminal_endpoint,D2,I2,,,4000,0.03,NOT_ESTABLISHED
simplicial_mpsn_style_local,training,0.9583333333333334,0.9953703703703703,0.07202714024385935,6,72,78,development_continuation,terminal_endpoint,D3,I2,,,4000,0.03,NOT_ESTABLISHED
simplicial_mpsn_style_local,training,0.9305555555555556,0.9930555555555556,0.09093831538284743,6,72,78,development_continuation,terminal_endpoint,D4,I2,,,4000,0.03,NOT_ESTABLISHED
simplicial_mpsn_style_local,validation,0.2638897463600349,0.7546296296296297,0.5773216345808383,6,72,78,development_continuation,terminal_endpoint,D5,I2,,,4000,0.03,NOT_ESTABLISHED
simplicial_mpsn_style_local,validation,0.24023019464195935,0.7754629629629629,0.4358140174267814,6,72,78,development_continuation,terminal_endpoint,D6,I2,,,4000,0.03,NOT_ESTABLISHED
simplicial_mpsn_style_local,training,0.41715550954681385,0.8726851851851852,0.1986983228805438,6,72,78,development_continuation,terminal_endpoint,D1,I3,,,4000,0.03,NOT_ESTABLISHED
simplicial_mpsn_style_local,training,0.7028189202102245,0.9351851851851852,0.17457199281448296,6,72,78,development_continuation,terminal_endpoint,D2,I3,,,4000,0.03,NOT_ESTABLISHED
simplicial_mpsn_style_local,training,0.6569444444444444,0.9745370370370371,0.1872697872143354,6,72,78,development_continuation,terminal_endpoint,D3,I3,,,4000,0.03,NOT_ESTABLISHED
simplicial_mpsn_style_local,training,0.39250423489553926,0.8680555555555556,0.1930897018120859,6,72,78,development_continuation,terminal_endpoint,D4,I3,,,4000,0.03,NOT_ESTABLISHED
simplicial_mpsn_style_local,validation,0.2949372759856631,0.7523148148148148,0.24510630871302624,6,72,78,development_continuation,terminal_endpoint,D5,I3,,,4000,0.03,NOT_ESTABLISHED
simplicial_mpsn_style_local,validation,0.15485347985347986,0.7361111111111112,0.233108708958506,6,72,78,development_continuation,terminal_endpoint,D6,I3,,,4000,0.03,NOT_ESTABLISHED
simplicial_mpsn_style_local,training,0.2602590107661102,0.7986111111111112,0.21862156572199629,6,72,78,development_continuation,terminal_endpoint,D1,I4,,,4000,0.03,NOT_ESTABLISHED
simplicial_mpsn_style_local,training,0.17335639210639212,0.7708333333333334,0.2195674220970402,6,72,78,development_continuation,terminal_endpoint,D2,I4,,,4000,0.03,NOT_ESTABLISHED
simplicial_mpsn_style_local,training,0.23542026238104669,0.8055555555555556,0.21769999549846084,6,72,78,development_continuation,terminal_endpoint,D3,I4,,,4000,0.03,NOT_ESTABLISHED
simplicial_mpsn_style_local,training,0.23103128190847494,0.8032407407407407,0.21771672278531917,6,72,78,development_continuation,terminal_endpoint,D4,I4,,,4000,0.03,NOT_ESTABLISHED
simplicial_mpsn_style_local,validation,0.19114262930052406,0.7916666666666666,0.21858367360338982,6,72,78,development_continuation,terminal_endpoint,D5,I4,,,4000,0.03,NOT_ESTABLISHED
simplicial_mpsn_style_local,validation,0.1780753968253968,0.7800925925925926,0.2180046683176649,6,72,78,development_continuation,terminal_endpoint,D6,I4,,,4000,0.03,NOT_ESTABLISHED
simplicial_mpsn_style_local,training,0.9444444444444444,0.9930555555555556,0.08132554486556863,6,72,78,development_continuation,terminal_endpoint,D1,I5,,,4000,0.03,NOT_ESTABLISHED
simplicial_mpsn_style_local,training,0.9102564102564102,0.9837962962962963,0.08451590308268957,6,72,78,development_continuation,terminal_endpoint,D2,I5,,,4000,0.03,NOT_ESTABLISHED
simplicial_mpsn_style_local,training,0.9242424242424243,0.9884259259259259,0.06345008217661104,6,72,78,development_continuation,terminal_endpoint,D3,I5,,,4000,0.03,NOT_ESTABLISHED
simplicial_mpsn_style_local,training,0.9583333333333334,0.9953703703703703,0.07080782503021855,6,72,78,development_continuation,terminal_endpoint,D4,I5,,,4000,0.03,NOT_ESTABLISHED
simplicial_mpsn_style_local,validation,0.22470842171929128,0.7615740740740741,0.43684565535676867,6,72,78,development_continuation,terminal_endpoint,D5,I5,,,4000,0.03,NOT_ESTABLISHED
simplicial_mpsn_style_local,validation,0.12405204043923557,0.6805555555555556,0.5708746919288357,6,72,78,development_continuation,terminal_endpoint,D6,I5,,,4000,0.03,NOT_ESTABLISHED
directed_local_edge_gnn,training,0.47256817256817263,0.9027777777777778,0.18129037563816952,6,72,78,development_continuation,terminal_endpoint,D1,I1,,,4000,0.03,NOT_ESTABLISHED
directed_local_edge_gnn,training,0.24126716077180474,0.8333333333333334,0.21352605160304433,6,72,78,development_continuation,terminal_endpoint,D2,I1,,,4000,0.03,NOT_ESTABLISHED
directed_local_edge_gnn,training,0.7259259259259259,0.9490740740740741,0.14638940859808822,6,72,78,development_continuation,terminal_endpoint,D3,I1,,,4000,0.03,NOT_ESTABLISHED
directed_local_edge_gnn,training,0.6162698412698412,0.9629629629629629,0.15119059364110163,6,72,78,development_continuation,terminal_endpoint,D4,I1,,,4000,0.03,NOT_ESTABLISHED
directed_local_edge_gnn,validation,0.20617640314042116,0.8078703703703703,0.21897204959844616,6,72,78,development_continuation,terminal_endpoint,D5,I1,,,4000,0.03,NOT_ESTABLISHED
directed_local_edge_gnn,validation,0.20306262212808937,0.7962962962962963,0.23192034634230765,6,72,78,development_continuation,terminal_endpoint,D6,I1,,,4000,0.03,NOT_ESTABLISHED
directed_local_edge_gnn,training,0.15881383277216612,0.7337962962962963,0.2241698133125692,6,72,78,development_continuation,terminal_endpoint,D1,I2,,,4000,0.03,NOT_ESTABLISHED
directed_local_edge_gnn,training,0.203483811153901,0.7592592592592593,0.22416861739630406,6,72,78,development_continuation,terminal_endpoint,D2,I2,,,4000,0.03,NOT_ESTABLISHED
directed_local_edge_gnn,training,0.21917873263074505,0.75,0.2241694870562278,6,72,78,development_continuation,terminal_endpoint,D3,I2,,,4000,0.03,NOT_ESTABLISHED
directed_local_edge_gnn,training,0.189360754985755,0.7592592592592593,0.22416816415650864,6,72,78,development_continuation,terminal_endpoint,D4,I2,,,4000,0.03,NOT_ESTABLISHED
directed_local_edge_gnn,validation,0.22143182488010077,0.7638888888888888,0.22416833121346905,6,72,78,development_continuation,terminal_endpoint,D5,I2,,,4000,0.03,NOT_ESTABLISHED
directed_local_edge_gnn,validation,0.19634661835748793,0.7777777777777778,0.2241673538194579,6,72,78,development_continuation,terminal_endpoint,D6,I2,,,4000,0.03,NOT_ESTABLISHED
directed_local_edge_gnn,training,0.5377670940170941,0.8981481481481481,0.1890029392104912,6,72,78,development_continuation,terminal_endpoint,D1,I3,,,4000,0.03,NOT_ESTABLISHED
directed_local_edge_gnn,training,0.30334955531033964,0.8333333333333334,0.2086747148317086,6,72,78,development_continuation,terminal_endpoint,D2,I3,,,4000,0.03,NOT_ESTABLISHED
directed_local_edge_gnn,training,0.24793724793724795,0.8634259259259259,0.1948006467326486,6,72,78,development_continuation,terminal_endpoint,D3,I3,,,4000,0.03,NOT_ESTABLISHED
directed_local_edge_gnn,training,0.22574998101313892,0.8449074074074074,0.20156656402688494,6,72,78,development_continuation,terminal_endpoint,D4,I3,,,4000,0.03,NOT_ESTABLISHED
directed_local_edge_gnn,validation,0.2841750841750842,0.8518518518518519,0.19832358418157925,6,72,78,development_continuation,terminal_endpoint,D5,I3,,,4000,0.03,NOT_ESTABLISHED
directed_local_edge_gnn,validation,0.2584545920029791,0.7939814814814815,0.21544803927896475,6,72,78,development_continuation,terminal_endpoint,D6,I3,,,4000,0.03,NOT_ESTABLISHED
directed_local_edge_gnn,training,0.19371382420244987,0.7893518518518519,0.21855935285051017,6,72,78,development_continuation,terminal_endpoint,D1,I4,,,4000,0.03,NOT_ESTABLISHED
directed_local_edge_gnn,training,0.19854637699465288,0.7939814814814815,0.21926534173642948,6,72,78,development_continuation,terminal_endpoint,D2,I4,,,4000,0.03,NOT_ESTABLISHED
directed_local_edge_gnn,training,0.25111767887659225,0.7939814814814815,0.21911571577923297,6,72,78,development_continuation,terminal_endpoint,D3,I4,,,4000,0.03,NOT_ESTABLISHED
directed_local_edge_gnn,training,0.3473216326157502,0.8101851851851852,0.21654717731905465,6,72,78,development_continuation,terminal_endpoint,D4,I4,,,4000,0.03,NOT_ESTABLISHED
directed_local_edge_gnn,validation,0.19954967632986206,0.7638888888888888,0.21997704529232534,6,72,78,development_continuation,terminal_endpoint,D5,I4,,,4000,0.03,NOT_ESTABLISHED
directed_local_edge_gnn,validation,0.21173160173160174,0.7824074074074074,0.21907697277133392,6,72,78,development_continuation,terminal_endpoint,D6,I4,,,4000,0.03,NOT_ESTABLISHED
directed_local_edge_gnn,training,0.4085576259489303,0.9120370370370371,0.1715536758605214,6,72,78,development_continuation,terminal_endpoint,D1,I5,,,4000,0.03,NOT_ESTABLISHED
directed_local_edge_gnn,training,0.35629351155666944,0.8680555555555556,0.19880915249417563,6,72,78,development_continuation,terminal_endpoint,D2,I5,,,4000,0.03,NOT_ESTABLISHED
directed_local_edge_gnn,training,0.8333333333333333,0.9606481481481481,0.13495947650956297,6,72,78,development_continuation,terminal_endpoint,D3,I5,,,4000,0.03,NOT_ESTABLISHED
directed_local_edge_gnn,training,0.6438492063492065,0.9629629629629629,0.1564139961408391,6,72,78,development_continuation,terminal_endpoint,D4,I5,,,4000,0.03,NOT_ESTABLISHED
directed_local_edge_gnn,validation,0.2976565988714326,0.8657407407407407,0.20168565321429355,6,72,78,development_continuation,terminal_endpoint,D5,I5,,,4000,0.03,NOT_ESTABLISHED
directed_local_edge_gnn,validation,0.18550258221310853,0.8032407407407407,0.24860790752361836,6,72,78,development_continuation,terminal_endpoint,D6,I5,,,4000,0.03,NOT_ESTABLISHED
cellular_hasse_mechanism_control,training,0.16562118437118437,0.7361111111111112,0.22085805634225691,6,72,78,development_continuation,terminal_endpoint,D1,I1,,,3975,0.01,SUSTAINED_LOCAL_STABILITY_OBSERVED
cellular_hasse_mechanism_control,training,0.17938042208875543,0.7569444444444444,0.22084739679377874,6,72,78,development_continuation,terminal_endpoint,D2,I1,,,3975,0.01,SUSTAINED_LOCAL_STABILITY_OBSERVED
cellular_hasse_mechanism_control,training,0.16142866468953426,0.7291666666666666,0.22085421990548504,6,72,78,development_continuation,terminal_endpoint,D3,I1,,,3975,0.01,SUSTAINED_LOCAL_STABILITY_OBSERVED
cellular_hasse_mechanism_control,training,0.21917860734037206,0.7569444444444444,0.22083926752109995,6,72,78,development_continuation,terminal_endpoint,D4,I1,,,3975,0.01,SUSTAINED_LOCAL_STABILITY_OBSERVED
cellular_hasse_mechanism_control,validation,0.24851259851259852,0.7523148148148148,0.22085789836107247,6,72,78,development_continuation,terminal_endpoint,D5,I1,,,3975,0.01,SUSTAINED_LOCAL_STABILITY_OBSERVED
cellular_hasse_mechanism_control,validation,0.3128425716321868,0.7731481481481481,0.22082930126991238,6,72,78,development_continuation,terminal_endpoint,D6,I1,,,3975,0.01,SUSTAINED_LOCAL_STABILITY_OBSERVED
cellular_hasse_mechanism_control,training,0.7166666666666666,0.9467592592592593,0.11639101375953341,6,72,78,development_continuation,terminal_endpoint,D1,I2,,,4000,0.01,NOT_ESTABLISHED
cellular_hasse_mechanism_control,training,0.6657004830917874,0.9236111111111112,0.1315661888214193,6,72,78,development_continuation,terminal_endpoint,D2,I2,,,4000,0.01,NOT_ESTABLISHED
cellular_hasse_mechanism_control,training,0.5823278029160381,0.9236111111111112,0.14347036745903316,6,72,78,development_continuation,terminal_endpoint,D3,I2,,,4000,0.01,NOT_ESTABLISHED
cellular_hasse_mechanism_control,training,0.45422130204738903,0.875,0.17422020915328287,6,72,78,development_continuation,terminal_endpoint,D4,I2,,,4000,0.01,NOT_ESTABLISHED
cellular_hasse_mechanism_control,validation,0.35971228855479337,0.7847222222222222,0.194717892239496,6,72,78,development_continuation,terminal_endpoint,D5,I2,,,4000,0.01,NOT_ESTABLISHED
cellular_hasse_mechanism_control,validation,0.11761915938117311,0.6597222222222222,0.3672814744049869,6,72,78,development_continuation,terminal_endpoint,D6,I2,,,4000,0.01,NOT_ESTABLISHED
cellular_hasse_mechanism_control,training,0.19615401115401115,0.7615740740740741,0.22056334883771925,6,72,78,development_continuation,terminal_endpoint,D1,I3,,,4000,0.01,NOT_ESTABLISHED
cellular_hasse_mechanism_control,training,0.2927045177045177,0.8217592592592593,0.19964021007421187,6,72,78,development_continuation,terminal_endpoint,D2,I3,,,4000,0.01,NOT_ESTABLISHED
cellular_hasse_mechanism_control,training,0.25390874745713454,0.7847222222222222,0.2078402527724478,6,72,78,development_continuation,terminal_endpoint,D3,I3,,,4000,0.01,NOT_ESTABLISHED
cellular_hasse_mechanism_control,training,0.24947555759576223,0.8240740740740741,0.2083494948324335,6,72,78,development_continuation,terminal_endpoint,D4,I3,,,4000,0.01,NOT_ESTABLISHED
cellular_hasse_mechanism_control,validation,0.3968019005847953,0.8032407407407407,0.20328501893910167,6,72,78,development_continuation,terminal_endpoint,D5,I3,,,4000,0.01,NOT_ESTABLISHED
cellular_hasse_mechanism_control,validation,0.20413633680897106,0.7685185185185185,0.22103943626413014,6,72,78,development_continuation,terminal_endpoint,D6,I3,,,4000,0.01,NOT_ESTABLISHED
cellular_hasse_mechanism_control,training,0.5031746031746032,0.8495370370370371,0.18509762678064484,6,72,78,development_continuation,terminal_endpoint,D1,I4,,,4000,0.01,NOT_ESTABLISHED
cellular_hasse_mechanism_control,training,0.6445751633986929,0.9097222222222222,0.1801446093663726,6,72,78,development_continuation,terminal_endpoint,D2,I4,,,4000,0.01,NOT_ESTABLISHED
cellular_hasse_mechanism_control,training,0.19621321704374603,0.7476851851851852,0.22345191587077728,6,72,78,development_continuation,terminal_endpoint,D3,I4,,,4000,0.01,NOT_ESTABLISHED
cellular_hasse_mechanism_control,training,0.40493730407523515,0.8495370370370371,0.20080492253455443,6,72,78,development_continuation,terminal_endpoint,D4,I4,,,4000,0.01,NOT_ESTABLISHED
cellular_hasse_mechanism_control,validation,0.20781698204408944,0.7268518518518519,0.2290509241871836,6,72,78,development_continuation,terminal_endpoint,D5,I4,,,4000,0.01,NOT_ESTABLISHED
cellular_hasse_mechanism_control,validation,0.2235084096872715,0.7847222222222222,0.22797896565412756,6,72,78,development_continuation,terminal_endpoint,D6,I4,,,4000,0.01,NOT_ESTABLISHED
cellular_hasse_mechanism_control,training,0.16176552492341967,0.7407407407407407,0.22090674593621082,6,72,78,development_continuation,terminal_endpoint,D1,I5,,,3925,0.01,SUSTAINED_LOCAL_STABILITY_OBSERVED
cellular_hasse_mechanism_control,training,0.17874209436709437,0.7592592592592593,0.22088647118821017,6,72,78,development_continuation,terminal_endpoint,D2,I5,,,3925,0.01,SUSTAINED_LOCAL_STABILITY_OBSERVED
cellular_hasse_mechanism_control,training,0.21299848178137654,0.7453703703703703,0.22089993508707637,6,72,78,development_continuation,terminal_endpoint,D3,I5,,,3925,0.01,SUSTAINED_LOCAL_STABILITY_OBSERVED
cellular_hasse_mechanism_control,training,0.1746031746031746,0.7592592592592593,0.22088768226821492,6,72,78,development_continuation,terminal_endpoint,D4,I5,,,3925,0.01,SUSTAINED_LOCAL_STABILITY_OBSERVED
cellular_hasse_mechanism_control,validation,0.18850186442098207,0.7708333333333334,0.22088458701235958,6,72,78,development_continuation,terminal_endpoint,D5,I5,,,3925,0.01,SUSTAINED_LOCAL_STABILITY_OBSERVED
cellular_hasse_mechanism_control,validation,0.18590527119938885,0.7800925925925926,0.22087192639229067,6,72,78,development_continuation,terminal_endpoint,D6,I5,,,3925,0.01,SUSTAINED_LOCAL_STABILITY_OBSERVED
