arm,auroc_tie_aware,average_precision_grouped_threshold,bce,candidate_count,positives,stage,phase,split,world,initialization
cellular_cwn_style_local,0.7662037037037037,0.3167926737005684,0.22063134865981204,78,6,400_selected,development_initial,validation,D5,I1
cellular_cwn_style_local,0.7615740740740741,0.2284056197270715,0.2209583663899965,78,6,400_selected,development_initial,validation,D6,I1
cellular_cwn_style_local,0.7199074074074074,0.1534931418961347,0.21775722180747523,78,6,800_extended_selected,development_initial,validation,D5,I1
cellular_cwn_style_local,0.7615740740740741,0.190094953252848,0.22065595945242988,78,6,800_extended_selected,development_initial,validation,D6,I1
cellular_cwn_style_local,0.7685185185185185,0.24518025833815305,0.2201278556017094,78,6,400_selected,development_initial,validation,D5,I2
cellular_cwn_style_local,0.7731481481481481,0.25525863025863027,0.21968711020421652,78,6,400_selected,development_initial,validation,D6,I2
cellular_cwn_style_local,0.7685185185185185,0.24518025833815305,0.2201278556017094,78,6,800_extended_selected,development_initial,validation,D5,I2
cellular_cwn_style_local,0.7731481481481481,0.25525863025863027,0.21968711020421652,78,6,800_extended_selected,development_initial,validation,D6,I2
cellular_cwn_style_local,0.7662037037037037,0.3159800794320918,0.22046552959905605,78,6,400_selected,development_initial,validation,D5,I3
cellular_cwn_style_local,0.7546296296296297,0.2246247908432678,0.22084053782333427,78,6,400_selected,development_initial,validation,D6,I3
cellular_cwn_style_local,0.7476851851851852,0.18311168311168313,0.21273138717725532,78,6,800_extended_selected,development_initial,validation,D5,I3
cellular_cwn_style_local,0.7685185185185185,0.2067187198766146,0.22042038919451643,78,6,800_extended_selected,development_initial,validation,D6,I3
cellular_cwn_style_local,0.7615740740740741,0.2330419799498747,0.22099695455099067,78,6,400_selected,development_initial,validation,D5,I4
cellular_cwn_style_local,0.7754629629629629,0.20887689308741939,0.2208824824981098,78,6,400_selected,development_initial,validation,D6,I4
cellular_cwn_style_local,0.7731481481481481,0.1759575349664484,0.2142313714721054,78,6,800_extended_selected,development_initial,validation,D5,I4
cellular_cwn_style_local,0.7430555555555556,0.17137570815731737,0.22474667035327714,78,6,800_extended_selected,development_initial,validation,D6,I4
cellular_cwn_style_local,0.7638888888888888,0.3110169679248626,0.22095737118980915,78,6,400_selected,development_initial,validation,D5,I5
cellular_cwn_style_local,0.7800925925925926,0.24791346646185353,0.22072775326837585,78,6,400_selected,development_initial,validation,D6,I5
cellular_cwn_style_local,0.8032407407407407,0.208987308987309,0.2171168012529651,78,6,800_extended_selected,development_initial,validation,D5,I5
cellular_cwn_style_local,0.7314814814814815,0.18053070837623683,0.2231311418544287,78,6,800_extended_selected,development_initial,validation,D6,I5
cellular_hasse_mechanism_control,0.7662037037037037,0.3154572036150983,0.22072071142374972,78,6,400_selected,development_initial,validation,D5,I1
cellular_hasse_mechanism_control,0.7476851851851852,0.22133369272760828,0.22111032334249692,78,6,400_selected,development_initial,validation,D6,I1
cellular_hasse_mechanism_control,0.7384259259259259,0.15607838798628274,0.22036170013677894,78,6,800_extended_selected,development_initial,validation,D5,I1
cellular_hasse_mechanism_control,0.7407407407407407,0.16176738065457577,0.2210519377487843,78,6,800_extended_selected,development_initial,validation,D6,I1
cellular_hasse_mechanism_control,0.7708333333333334,0.23954330270119745,0.2209479078152495,78,6,400_selected,development_initial,validation,D5,I2
cellular_hasse_mechanism_control,0.7662037037037037,0.20439814814814813,0.22090755758267505,78,6,400_selected,development_initial,validation,D6,I2
cellular_hasse_mechanism_control,0.7615740740740741,0.19146965593044024,0.215893387443744,78,6,800_extended_selected,development_initial,validation,D5,I2
cellular_hasse_mechanism_control,0.75,0.1948066966884171,0.22096591130236418,78,6,800_extended_selected,development_initial,validation,D6,I2
cellular_hasse_mechanism_control,0.7638888888888888,0.3158430060842341,0.22069011945160502,78,6,400_selected,development_initial,validation,D5,I3
cellular_hasse_mechanism_control,0.7638888888888888,0.229723142783725,0.22105108289288844,78,6,400_selected,development_initial,validation,D6,I3
cellular_hasse_mechanism_control,0.7662037037037037,0.3154572036150983,0.21879253444343796,78,6,800_extended_selected,development_initial,validation,D5,I3
cellular_hasse_mechanism_control,0.7476851851851852,0.22180942843785165,0.22104523829196693,78,6,800_extended_selected,development_initial,validation,D6,I3
cellular_hasse_mechanism_control,0.7662037037037037,0.3167926737005684,0.22049447316094586,78,6,400_selected,development_initial,validation,D5,I4
cellular_hasse_mechanism_control,0.7638888888888888,0.20657499463557683,0.22083940052354825,78,6,400_selected,development_initial,validation,D6,I4
cellular_hasse_mechanism_control,0.8194444444444444,0.267410951621478,0.21283952495892342,78,6,800_extended_selected,development_initial,validation,D5,I4
cellular_hasse_mechanism_control,0.7662037037037037,0.23235531124250636,0.22096750657830797,78,6,800_extended_selected,development_initial,validation,D6,I4
cellular_hasse_mechanism_control,0.7662037037037037,0.3171435508935509,0.22111832806034706,78,6,400_selected,development_initial,validation,D5,I5
cellular_hasse_mechanism_control,0.7731481481481481,0.23148148148148145,0.22103277882313221,78,6,400_selected,development_initial,validation,D6,I5
cellular_hasse_mechanism_control,0.7638888888888888,0.3213020532099479,0.2206482399855434,78,6,800_extended_selected,development_initial,validation,D5,I5
cellular_hasse_mechanism_control,0.7800925925925926,0.32064638076578655,0.22070380254266275,78,6,800_extended_selected,development_initial,validation,D6,I5
directed_local_edge_gnn,0.8657407407407407,0.4795093795093795,0.20747572185144583,78,6,400_selected,development_initial,validation,D5,I1
directed_local_edge_gnn,0.8541666666666666,0.24724206349206346,0.20815761976920527,78,6,400_selected,development_initial,validation,D6,I1
directed_local_edge_gnn,0.8587962962962963,0.29781746031746037,0.1979747635848466,78,6,800_extended_selected,development_initial,validation,D5,I1
directed_local_edge_gnn,0.8171296296296297,0.22450282795110382,0.20822970783306688,78,6,800_extended_selected,development_initial,validation,D6,I1
directed_local_edge_gnn,0.8564814814814815,0.4465437788018433,0.21124645718644638,78,6,400_selected,development_initial,validation,D5,I2
directed_local_edge_gnn,0.8518518518518519,0.2555753968253968,0.21095711715400225,78,6,400_selected,development_initial,validation,D6,I2
directed_local_edge_gnn,0.8611111111111112,0.3744183463823644,0.20265229588494638,78,6,800_extended_selected,development_initial,validation,D5,I2
directed_local_edge_gnn,0.8564814814814815,0.244839225102383,0.20537184105510947,78,6,800_extended_selected,development_initial,validation,D6,I2
directed_local_edge_gnn,0.8564814814814815,0.515126050420168,0.20923375117113308,78,6,400_selected,development_initial,validation,D5,I3
directed_local_edge_gnn,0.8518518518518519,0.24825174825174828,0.20942922845643808,78,6,400_selected,development_initial,validation,D6,I3
directed_local_edge_gnn,0.8680555555555556,0.31489139515455306,0.20036809500648115,78,6,800_extended_selected,development_initial,validation,D5,I3
directed_local_edge_gnn,0.8194444444444444,0.22357690202517788,0.20810711515145228,78,6,800_extended_selected,development_initial,validation,D6,I3
directed_local_edge_gnn,0.8634259259259259,0.3794802867383512,0.21015446489707929,78,6,400_selected,development_initial,validation,D5,I4
directed_local_edge_gnn,0.8518518518518519,0.2565621878121878,0.21081999423228778,78,6,400_selected,development_initial,validation,D6,I4
directed_local_edge_gnn,0.8680555555555556,0.3065580618212197,0.19993681640730365,78,6,800_extended_selected,development_initial,validation,D5,I4
directed_local_edge_gnn,0.8032407407407407,0.21128170041963143,0.20914268044557574,78,6,800_extended_selected,development_initial,validation,D6,I4
directed_local_edge_gnn,0.8634259259259259,0.44363929146537845,0.20859249414195546,78,6,400_selected,development_initial,validation,D5,I5
directed_local_edge_gnn,0.8541666666666666,0.25724206349206347,0.20963321804078136,78,6,400_selected,development_initial,validation,D6,I5
directed_local_edge_gnn,0.8634259259259259,0.39206349206349206,0.20293355038200972,78,6,800_extended_selected,development_initial,validation,D5,I5
directed_local_edge_gnn,0.8657407407407407,0.25170735697051483,0.2051467678679218,78,6,800_extended_selected,development_initial,validation,D6,I5
gbdt_fixed20,0.9965277777777778,0.9484126984126984,0.04273625758213867,78,6,400_selected,development_initial,validation,D5,I1
gbdt_fixed20,1.0,1.0,0.0157801793046207,78,6,400_selected,development_initial,validation,D6,I1
gbdt_fixed20,0.9965277777777778,0.9484126984126984,0.04273625758213867,78,6,800_extended_selected,development_initial,validation,D5,I1
gbdt_fixed20,1.0,1.0,0.0157801793046207,78,6,800_extended_selected,development_initial,validation,D6,I1
gbdt_fixed20,0.9965277777777778,0.9484126984126984,0.04273625758213867,78,6,400_selected,development_initial,validation,D5,I2
gbdt_fixed20,1.0,1.0,0.0157801793046207,78,6,400_selected,development_initial,validation,D6,I2
gbdt_fixed20,0.9965277777777778,0.9484126984126984,0.04273625758213867,78,6,800_extended_selected,development_initial,validation,D5,I2
gbdt_fixed20,1.0,1.0,0.0157801793046207,78,6,800_extended_selected,development_initial,validation,D6,I2
gbdt_fixed20,0.9965277777777778,0.9484126984126984,0.04273625758213867,78,6,400_selected,development_initial,validation,D5,I3
gbdt_fixed20,1.0,1.0,0.0157801793046207,78,6,400_selected,development_initial,validation,D6,I3
gbdt_fixed20,0.9965277777777778,0.9484126984126984,0.04273625758213867,78,6,800_extended_selected,development_initial,validation,D5,I3
gbdt_fixed20,1.0,1.0,0.0157801793046207,78,6,800_extended_selected,development_initial,validation,D6,I3
gbdt_fixed20,0.9965277777777778,0.9484126984126984,0.04273625758213867,78,6,400_selected,development_initial,validation,D5,I4
gbdt_fixed20,1.0,1.0,0.0157801793046207,78,6,400_selected,development_initial,validation,D6,I4
gbdt_fixed20,0.9965277777777778,0.9484126984126984,0.04273625758213867,78,6,800_extended_selected,development_initial,validation,D5,I4
gbdt_fixed20,1.0,1.0,0.0157801793046207,78,6,800_extended_selected,development_initial,validation,D6,I4
gbdt_fixed20,0.9965277777777778,0.9484126984126984,0.04273625758213867,78,6,400_selected,development_initial,validation,D5,I5
gbdt_fixed20,1.0,1.0,0.0157801793046207,78,6,400_selected,development_initial,validation,D6,I5
gbdt_fixed20,0.9965277777777778,0.9484126984126984,0.04273625758213867,78,6,800_extended_selected,development_initial,validation,D5,I5
gbdt_fixed20,1.0,1.0,0.0157801793046207,78,6,800_extended_selected,development_initial,validation,D6,I5
simplicial_mpsn_style_local,0.7662037037037037,0.2262843056960704,0.22095487766389538,78,6,400_selected,development_initial,validation,D5,I1
simplicial_mpsn_style_local,0.7569444444444444,0.18816339205058716,0.2209803664666588,78,6,400_selected,development_initial,validation,D6,I1
simplicial_mpsn_style_local,0.7916666666666666,0.20407965596304092,0.2192675079406059,78,6,800_extended_selected,development_initial,validation,D5,I1
simplicial_mpsn_style_local,0.7685185185185185,0.16871743538410205,0.2180374854685332,78,6,800_extended_selected,development_initial,validation,D6,I1
simplicial_mpsn_style_local,0.7615740740740741,0.17313667691957169,0.2209199179969338,78,6,400_selected,development_initial,validation,D5,I2
simplicial_mpsn_style_local,0.7430555555555556,0.16310486011572967,0.22094616751408488,78,6,400_selected,development_initial,validation,D6,I2
simplicial_mpsn_style_local,0.8101851851851852,0.46623305422647526,0.21933237856517002,78,6,800_extended_selected,development_initial,validation,D5,I2
simplicial_mpsn_style_local,0.8148148148148148,0.33302342363063425,0.2185258882835946,78,6,800_extended_selected,development_initial,validation,D6,I2
simplicial_mpsn_style_local,0.7615740740740741,0.1978062478062478,0.22095959071024282,78,6,400_selected,development_initial,validation,D5,I3
simplicial_mpsn_style_local,0.7546296296296297,0.17514383521528698,0.22097715227459278,78,6,400_selected,development_initial,validation,D6,I3
simplicial_mpsn_style_local,0.7986111111111112,0.25823811200321733,0.2193656566055705,78,6,800_extended_selected,development_initial,validation,D5,I3
simplicial_mpsn_style_local,0.7986111111111112,0.20189527472136168,0.21846799980653686,78,6,800_extended_selected,development_initial,validation,D6,I3
simplicial_mpsn_style_local,0.7777777777777778,0.278345010252905,0.22095015784748226,78,6,400_selected,development_initial,validation,D5,I4
simplicial_mpsn_style_local,0.7754629629629629,0.21175213675213672,0.2209480785242868,78,6,400_selected,development_initial,validation,D6,I4
simplicial_mpsn_style_local,0.7962962962962963,0.23001949317738793,0.21786531923895863,78,6,800_extended_selected,development_initial,validation,D5,I4
simplicial_mpsn_style_local,0.7986111111111112,0.2117243867243867,0.2178206381038057,78,6,800_extended_selected,development_initial,validation,D6,I4
simplicial_mpsn_style_local,0.7615740740740741,0.22487278803068275,0.22094001202870323,78,6,400_selected,development_initial,validation,D5,I5
simplicial_mpsn_style_local,0.7638888888888888,0.19571640877699098,0.22095099230863113,78,6,400_selected,development_initial,validation,D6,I5
simplicial_mpsn_style_local,0.7893518518518519,0.29577748719625147,0.2188660328044257,78,6,800_extended_selected,development_initial,validation,D5,I5
simplicial_mpsn_style_local,0.8171296296296297,0.2558502567693744,0.21809059153619642,78,6,800_extended_selected,development_initial,validation,D6,I5
