arm,best_epoch,best_equal_world_validation_bce,duration_seconds,history_points,learning_rate,phase,stage,split,trial,initialization,per_trial_status,status_unavailable_reason,best_iteration,early_stopping,fit_seconds,l2_regularization,max_leaf_nodes,min_samples_leaf,best_epoch_from_0_to_800,best_evaluated_iteration_up_to_800,max_iter
cellular_cwn_style_local,400,0.26327920738669913,36.319713833974674,41,0.0001,development_initial,neural_trials,validation_selection,T001,I1,,not present in retained trial summary,,,,,,,,,
cellular_cwn_style_local,400,0.22211446997458534,36.156980500003556,41,0.001,development_initial,neural_trials,validation_selection,T002,I1,,not present in retained trial summary,,,,,,,,,
cellular_cwn_style_local,340,0.22079485752490427,36.152369957999326,41,0.01,development_initial,neural_trials,validation_selection,T003,I1,,not present in retained trial summary,,,,,,,,,
cellular_cwn_style_local,400,0.25907768993423974,36.17557875000057,41,0.0001,development_initial,neural_trials,validation_selection,T004,I2,,not present in retained trial summary,,,,,,,,,
cellular_cwn_style_local,400,0.2220540841505637,36.204144166986225,41,0.001,development_initial,neural_trials,validation_selection,T005,I2,,not present in retained trial summary,,,,,,,,,
cellular_cwn_style_local,240,0.21990748290296297,36.2015404169797,41,0.01,development_initial,neural_trials,validation_selection,T006,I2,,not present in retained trial summary,,,,,,,,,
cellular_cwn_style_local,400,0.2600851929021111,36.25176350001129,41,0.0001,development_initial,neural_trials,validation_selection,T007,I3,,not present in retained trial summary,,,,,,,,,
cellular_cwn_style_local,400,0.22227326765439032,36.33529112502583,41,0.001,development_initial,neural_trials,validation_selection,T008,I3,,not present in retained trial summary,,,,,,,,,
cellular_cwn_style_local,400,0.22065303371119516,36.237055582983885,41,0.01,development_initial,neural_trials,validation_selection,T009,I3,,not present in retained trial summary,,,,,,,,,
cellular_cwn_style_local,400,0.25812142813251077,36.25566287498805,41,0.0001,development_initial,neural_trials,validation_selection,T010,I4,,not present in retained trial summary,,,,,,,,,
cellular_cwn_style_local,400,0.22285820418939456,36.39694687500014,41,0.001,development_initial,neural_trials,validation_selection,T011,I4,,not present in retained trial summary,,,,,,,,,
cellular_cwn_style_local,360,0.22093971852455024,36.322581500018714,41,0.01,development_initial,neural_trials,validation_selection,T012,I4,,not present in retained trial summary,,,,,,,,,
cellular_cwn_style_local,400,0.2505948351921157,36.5167885000119,41,0.0001,development_initial,neural_trials,validation_selection,T013,I5,,not present in retained trial summary,,,,,,,,,
cellular_cwn_style_local,400,0.22157176794655295,36.463525958999526,41,0.001,development_initial,neural_trials,validation_selection,T014,I5,,not present in retained trial summary,,,,,,,,,
cellular_cwn_style_local,290,0.2208425622290925,36.49325233401032,41,0.01,development_initial,neural_trials,validation_selection,T015,I5,,not present in retained trial summary,,,,,,,,,
simplicial_mpsn_style_local,400,0.2681102545553568,95.72196179101593,41,0.0001,development_initial,neural_trials,validation_selection,T016,I1,,not present in retained trial summary,,,,,,,,,
simplicial_mpsn_style_local,400,0.22853084276399865,94.97666529199341,41,0.001,development_initial,neural_trials,validation_selection,T017,I1,,not present in retained trial summary,,,,,,,,,
simplicial_mpsn_style_local,370,0.2209676220652771,94.71613774998696,41,0.01,development_initial,neural_trials,validation_selection,T018,I1,,not present in retained trial summary,,,,,,,,,
simplicial_mpsn_style_local,400,0.26786071013092017,95.74656133400276,41,0.0001,development_initial,neural_trials,validation_selection,T019,I2,,not present in retained trial summary,,,,,,,,,
simplicial_mpsn_style_local,400,0.22764486565798933,95.70289220800623,41,0.001,development_initial,neural_trials,validation_selection,T020,I2,,not present in retained trial summary,,,,,,,,,
simplicial_mpsn_style_local,390,0.22093304275550935,96.27696979098255,41,0.01,development_initial,neural_trials,validation_selection,T021,I2,,not present in retained trial summary,,,,,,,,,
simplicial_mpsn_style_local,400,0.2675767733572922,95.5196332919877,41,0.0001,development_initial,neural_trials,validation_selection,T022,I3,,not present in retained trial summary,,,,,,,,,
simplicial_mpsn_style_local,400,0.23232673932554154,96.16123970801709,41,0.001,development_initial,neural_trials,validation_selection,T023,I3,,not present in retained trial summary,,,,,,,,,
simplicial_mpsn_style_local,380,0.2209683714924178,96.23334987502312,41,0.01,development_initial,neural_trials,validation_selection,T024,I3,,not present in retained trial summary,,,,,,,,,
simplicial_mpsn_style_local,400,0.2648680509420256,94.92444708300172,41,0.0001,development_initial,neural_trials,validation_selection,T025,I4,,not present in retained trial summary,,,,,,,,,
simplicial_mpsn_style_local,400,0.23038594077339397,94.0385089580086,41,0.001,development_initial,neural_trials,validation_selection,T026,I4,,not present in retained trial summary,,,,,,,,,
simplicial_mpsn_style_local,400,0.22094911818588453,95.67051312502008,41,0.01,development_initial,neural_trials,validation_selection,T027,I4,,not present in retained trial summary,,,,,,,,,
simplicial_mpsn_style_local,400,0.26514789571321307,97.09133525000652,41,0.0001,development_initial,neural_trials,validation_selection,T028,I5,,not present in retained trial summary,,,,,,,,,
simplicial_mpsn_style_local,400,0.22740873448862414,96.97785466699861,41,0.001,development_initial,neural_trials,validation_selection,T029,I5,,not present in retained trial summary,,,,,,,,,
simplicial_mpsn_style_local,400,0.22094550216866718,98.52243395798723,41,0.01,development_initial,neural_trials,validation_selection,T030,I5,,not present in retained trial summary,,,,,,,,,
directed_local_edge_gnn,400,0.23269846334446942,41.43067933397833,41,0.0001,development_initial,neural_trials,validation_selection,T031,I1,,not present in retained trial summary,,,,,,,,,
directed_local_edge_gnn,400,0.22085458361694682,41.45951541600516,41,0.001,development_initial,neural_trials,validation_selection,T032,I1,,not present in retained trial summary,,,,,,,,,
directed_local_edge_gnn,400,0.20781667081032557,41.62934433299233,41,0.01,development_initial,neural_trials,validation_selection,T033,I1,,not present in retained trial summary,,,,,,,,,
directed_local_edge_gnn,400,0.2423507681552475,41.53469158397638,41,0.0001,development_initial,neural_trials,validation_selection,T034,I2,,not present in retained trial summary,,,,,,,,,
directed_local_edge_gnn,400,0.22215281232233913,41.58798808301799,41,0.001,development_initial,neural_trials,validation_selection,T035,I2,,not present in retained trial summary,,,,,,,,,
directed_local_edge_gnn,400,0.21110178717022432,41.54538349999348,41,0.01,development_initial,neural_trials,validation_selection,T036,I2,,not present in retained trial summary,,,,,,,,,
directed_local_edge_gnn,400,0.24060849836584447,41.576599249994615,41,0.0001,development_initial,neural_trials,validation_selection,T037,I3,,not present in retained trial summary,,,,,,,,,
directed_local_edge_gnn,400,0.2211721796849378,41.668423958006315,41,0.001,development_initial,neural_trials,validation_selection,T038,I3,,not present in retained trial summary,,,,,,,,,
directed_local_edge_gnn,400,0.20933148981378558,41.570098625001265,41,0.01,development_initial,neural_trials,validation_selection,T039,I3,,not present in retained trial summary,,,,,,,,,
directed_local_edge_gnn,400,0.23824921460857873,41.67979804199422,41,0.0001,development_initial,neural_trials,validation_selection,T040,I4,,not present in retained trial summary,,,,,,,,,
directed_local_edge_gnn,400,0.22139113728796933,41.8016932499886,41,0.001,development_initial,neural_trials,validation_selection,T041,I4,,not present in retained trial summary,,,,,,,,,
directed_local_edge_gnn,400,0.21048722956468352,41.88272804199369,41,0.01,development_initial,neural_trials,validation_selection,T042,I4,,not present in retained trial summary,,,,,,,,,
directed_local_edge_gnn,400,0.23335020693868985,41.66511658302625,41,0.0001,development_initial,neural_trials,validation_selection,T043,I5,,not present in retained trial summary,,,,,,,,,
directed_local_edge_gnn,400,0.22095441252164283,41.95738295902265,41,0.001,development_initial,neural_trials,validation_selection,T044,I5,,not present in retained trial summary,,,,,,,,,
directed_local_edge_gnn,400,0.20911285609136843,42.055487334000645,41,0.01,development_initial,neural_trials,validation_selection,T045,I5,,not present in retained trial summary,,,,,,,,,
cellular_hasse_mechanism_control,400,0.26871633614748547,42.19050187501125,41,0.0001,development_initial,neural_trials,validation_selection,T046,I1,,not present in retained trial summary,,,,,,,,,
cellular_hasse_mechanism_control,400,0.22333282997350332,42.42206904100021,41,0.001,development_initial,neural_trials,validation_selection,T047,I1,,not present in retained trial summary,,,,,,,,,
cellular_hasse_mechanism_control,310,0.22091551738312332,42.3029015409993,41,0.01,development_initial,neural_trials,validation_selection,T048,I1,,not present in retained trial summary,,,,,,,,,
cellular_hasse_mechanism_control,400,0.2601191948140371,42.34438229200896,41,0.0001,development_initial,neural_trials,validation_selection,T049,I2,,not present in retained trial summary,,,,,,,,,
cellular_hasse_mechanism_control,400,0.22292534264035385,42.29679604197736,41,0.001,development_initial,neural_trials,validation_selection,T050,I2,,not present in retained trial summary,,,,,,,,,
cellular_hasse_mechanism_control,400,0.22092773269896226,42.323366917000385,41,0.01,development_initial,neural_trials,validation_selection,T051,I2,,not present in retained trial summary,,,,,,,,,
cellular_hasse_mechanism_control,400,0.26170563558757187,42.376438165985746,41,0.0001,development_initial,neural_trials,validation_selection,T052,I3,,not present in retained trial summary,,,,,,,,,
cellular_hasse_mechanism_control,400,0.2223601633863287,42.47550104200491,41,0.001,development_initial,neural_trials,validation_selection,T053,I3,,not present in retained trial summary,,,,,,,,,
cellular_hasse_mechanism_control,380,0.22087060117224672,42.46211912497529,41,0.01,development_initial,neural_trials,validation_selection,T054,I3,,not present in retained trial summary,,,,,,,,,
cellular_hasse_mechanism_control,400,0.2560001103962845,42.40297120800824,41,0.0001,development_initial,neural_trials,validation_selection,T055,I4,,not present in retained trial summary,,,,,,,,,
cellular_hasse_mechanism_control,400,0.22162358567517162,42.42761454099673,41,0.001,development_initial,neural_trials,validation_selection,T056,I4,,not present in retained trial summary,,,,,,,,,
cellular_hasse_mechanism_control,400,0.22066693684224706,42.52957637500367,41,0.01,development_initial,neural_trials,validation_selection,T057,I4,,not present in retained trial summary,,,,,,,,,
cellular_hasse_mechanism_control,400,0.2630874303647631,42.70251108298544,41,0.0001,development_initial,neural_trials,validation_selection,T058,I5,,not present in retained trial summary,,,,,,,,,
cellular_hasse_mechanism_control,400,0.22912249463954448,42.80494616701617,41,0.001,development_initial,neural_trials,validation_selection,T059,I5,,not present in retained trial summary,,,,,,,,,
cellular_hasse_mechanism_control,400,0.22107555344173963,42.55350379200536,41,0.01,development_initial,neural_trials,validation_selection,T060,I5,,not present in retained trial summary,,,,,,,,,
gbdt_fixed20,,0.037585554584993644,0.22627499999362044,,0.1,development_initial,gbdt_trials,validation_selection,T061,I1,,not present in retained trial summary,60,False,0.18438037499436177,0.0,3,2,,,
gbdt_fixed20,,0.029258218443379683,0.11213629200938158,,0.1,development_initial,gbdt_trials,validation_selection,T062,I1,,not present in retained trial summary,70,False,0.07094891701126471,0.0,7,2,,,
gbdt_fixed20,,0.032861034846537324,0.11610800001653843,,0.1,development_initial,gbdt_trials,validation_selection,T063,I1,,not present in retained trial summary,80,False,0.073513625015039,0.0,15,2,,,
gbdt_fixed20,,0.037585554584993644,0.10768691700650379,,0.1,development_initial,gbdt_trials,validation_selection,T064,I2,,not present in retained trial summary,60,False,0.06621262500993907,0.0,3,2,,,
gbdt_fixed20,,0.029258218443379683,0.11110812501283363,,0.1,development_initial,gbdt_trials,validation_selection,T065,I2,,not present in retained trial summary,70,False,0.07085016701603308,0.0,7,2,,,
gbdt_fixed20,,0.032861034846537324,0.11584429201320745,,0.1,development_initial,gbdt_trials,validation_selection,T066,I2,,not present in retained trial summary,80,False,0.07338595899636857,0.0,15,2,,,
gbdt_fixed20,,0.037585554584993644,0.10780491601326503,,0.1,development_initial,gbdt_trials,validation_selection,T067,I3,,not present in retained trial summary,60,False,0.06639108300441876,0.0,3,2,,,
gbdt_fixed20,,0.029258218443379683,0.11187016699113883,,0.1,development_initial,gbdt_trials,validation_selection,T068,I3,,not present in retained trial summary,70,False,0.07151470798999071,0.0,7,2,,,
gbdt_fixed20,,0.032861034846537324,0.1113072499865666,,0.1,development_initial,gbdt_trials,validation_selection,T069,I3,,not present in retained trial summary,80,False,0.06819774999166839,0.0,15,2,,,
gbdt_fixed20,,0.037585554584993644,0.10314962500706315,,0.1,development_initial,gbdt_trials,validation_selection,T070,I4,,not present in retained trial summary,60,False,0.0620660420099739,0.0,3,2,,,
gbdt_fixed20,,0.029258218443379683,0.10542337500373833,,0.1,development_initial,gbdt_trials,validation_selection,T071,I4,,not present in retained trial summary,70,False,0.06492500001331791,0.0,7,2,,,
gbdt_fixed20,,0.032861034846537324,0.11198912499821745,,0.1,development_initial,gbdt_trials,validation_selection,T072,I4,,not present in retained trial summary,80,False,0.06921024998882785,0.0,15,2,,,
gbdt_fixed20,,0.037585554584993644,0.10375874998862855,,0.1,development_initial,gbdt_trials,validation_selection,T073,I5,,not present in retained trial summary,60,False,0.0625815829844214,0.0,3,2,,,
gbdt_fixed20,,0.029258218443379683,0.11305620800703764,,0.1,development_initial,gbdt_trials,validation_selection,T074,I5,,not present in retained trial summary,70,False,0.07123612498980947,0.0,7,2,,,
gbdt_fixed20,,0.032861034846537324,0.11844604200450704,,0.1,development_initial,gbdt_trials,validation_selection,T075,I5,,not present in retained trial summary,80,False,0.07268033400760032,0.0,15,2,,,
directed_local_edge_gnn,,0.20310223570895675,43.619981625000946,,0.01,development_initial,extended_neural_trials,validation_selection,T076,I1,,not present in retained trial summary,,,,,,,780,,
directed_local_edge_gnn,,0.2042376050789667,43.78001116702217,,0.01,development_initial,extended_neural_trials,validation_selection,T077,I3,,not present in retained trial summary,,,,,,,690,,
directed_local_edge_gnn,,0.20453974842643968,43.65108283399604,,0.01,development_initial,extended_neural_trials,validation_selection,T078,I4,,not present in retained trial summary,,,,,,,780,,
directed_local_edge_gnn,,0.20404015912496576,43.644585999980336,,0.01,development_initial,extended_neural_trials,validation_selection,T079,I5,,not present in retained trial summary,,,,,,,650,,
directed_local_edge_gnn,,0.20401206847002792,43.535232416004874,,0.01,development_initial,extended_neural_trials,validation_selection,T080,I2,,not present in retained trial summary,,,,,,,730,,
cellular_hasse_mechanism_control,,0.2207068189427816,43.91630775001249,,0.01,development_initial,extended_neural_trials,validation_selection,T081,I1,,not present in retained trial summary,,,,,,,430,,
cellular_hasse_mechanism_control,,0.21991888636770246,44.098268832982285,,0.01,development_initial,extended_neural_trials,validation_selection,T082,I3,,not present in retained trial summary,,,,,,,490,,
cellular_hasse_mechanism_control,,0.2169035157686157,43.89371033300995,,0.01,development_initial,extended_neural_trials,validation_selection,T083,I4,,not present in retained trial summary,,,,,,,670,,
cellular_hasse_mechanism_control,,0.22067602126410307,44.17470995802432,,0.01,development_initial,extended_neural_trials,validation_selection,T084,I5,,not present in retained trial summary,,,,,,,800,,
cellular_hasse_mechanism_control,,0.2184296493730541,43.90215250002802,,0.01,development_initial,extended_neural_trials,validation_selection,T085,I2,,not present in retained trial summary,,,,,,,760,,
simplicial_mpsn_style_local,,0.21865249670456954,98.96532650000881,,0.01,development_initial,extended_neural_trials,validation_selection,T086,I1,,not present in retained trial summary,,,,,,,800,,
simplicial_mpsn_style_local,,0.21891682820605368,98.7751814579824,,0.01,development_initial,extended_neural_trials,validation_selection,T087,I3,,not present in retained trial summary,,,,,,,760,,
simplicial_mpsn_style_local,,0.21784297867138216,97.1321051249979,,0.01,development_initial,extended_neural_trials,validation_selection,T088,I4,,not present in retained trial summary,,,,,,,750,,
simplicial_mpsn_style_local,,0.21847831217031105,99.05238979199203,,0.01,development_initial,extended_neural_trials,validation_selection,T089,I5,,not present in retained trial summary,,,,,,,680,,
simplicial_mpsn_style_local,,0.2189291334243823,98.92224387501483,,0.01,development_initial,extended_neural_trials,validation_selection,T090,I2,,not present in retained trial summary,,,,,,,800,,
cellular_cwn_style_local,,0.21920659062995257,39.10661537499982,,0.01,development_initial,extended_neural_trials,validation_selection,T091,I1,,not present in retained trial summary,,,,,,,800,,
cellular_cwn_style_local,,0.21657588818588586,39.20087091598543,,0.01,development_initial,extended_neural_trials,validation_selection,T092,I3,,not present in retained trial summary,,,,,,,800,,
cellular_cwn_style_local,,0.21948902091269126,39.154176165990066,,0.01,development_initial,extended_neural_trials,validation_selection,T093,I4,,not present in retained trial summary,,,,,,,800,,
cellular_cwn_style_local,,0.2201239715536969,39.4142975420109,,0.01,development_initial,extended_neural_trials,validation_selection,T094,I5,,not present in retained trial summary,,,,,,,790,,
cellular_cwn_style_local,,0.21990748290296297,39.2840414159873,,0.01,development_initial,extended_neural_trials,validation_selection,T095,I2,,not present in retained trial summary,,,,,,,240,,
gbdt_fixed20,,0.029258218443379683,0.14367495800252073,,,development_initial,extended_gbdt_trials,validation_selection,T096,I1,,not present in retained trial summary,,,0.06129370798589662,,7,,,70,800
gbdt_fixed20,,0.029258218443379683,0.16581229100120254,,,development_initial,extended_gbdt_trials,validation_selection,T097,I3,,not present in retained trial summary,,,0.08342275000177324,,7,,,70,800
gbdt_fixed20,,0.029258218443379683,0.14294979101396166,,,development_initial,extended_gbdt_trials,validation_selection,T098,I4,,not present in retained trial summary,,,0.060731375007890165,,7,,,70,800
gbdt_fixed20,,0.029258218443379683,0.1438205000013113,,,development_initial,extended_gbdt_trials,validation_selection,T099,I5,,not present in retained trial summary,,,0.06036645802669227,,7,,,70,800
gbdt_fixed20,,0.029258218443379683,0.14271645797998644,,,development_initial,extended_gbdt_trials,validation_selection,T100,I2,,not present in retained trial summary,,,0.060693582985550165,,7,,,70,800
