confirmation_end_epoch,first_qualifying_pair_end_epoch,interpretation,last_epoch,last_learning_rate,status,phase,record_type,arm,initialization,confirmed_window_count,available,end_epoch,learning_rate,learning_rate_unchanged,stable,start_epoch,training_BCE_relative_range,validation_ap_range_D5,validation_ap_range_D6,initial_rate,best_equal_world_validation_bce,selected_initial_rate,mean_best_equal_world_validation_bce
,,no confirmed sustained local stability under the declared finite-window rule,4000,0.00125,NOT_ESTABLISHED,development_continuation,selected_run_stability,cellular_cwn_style_local,I1,0,,,,,,,,,,,,,
,,no confirmed sustained local stability under the declared finite-window rule,4000,0.000625,NOT_ESTABLISHED,development_continuation,selected_run_stability,cellular_cwn_style_local,I2,0,,,,,,,,,,,,,
,,no confirmed sustained local stability under the declared finite-window rule,4000,0.0025,NOT_ESTABLISHED,development_continuation,selected_run_stability,cellular_cwn_style_local,I3,0,,,,,,,,,,,,,
,,no confirmed sustained local stability under the declared finite-window rule,4000,3.90625e-05,NOT_ESTABLISHED,development_continuation,selected_run_stability,cellular_cwn_style_local,I4,0,,,,,,,,,,,,,
,,no confirmed sustained local stability under the declared finite-window rule,4000,0.0003125,NOT_ESTABLISHED,development_continuation,selected_run_stability,cellular_cwn_style_local,I5,0,,,,,,,,,,,,,
3975,3575,finite observed local stability only; not proof of a global optimum,3975,1e-05,SUSTAINED_LOCAL_STABILITY_OBSERVED,development_continuation,selected_run_stability,cellular_hasse_mechanism_control,I1,16,,,,,,,,,,,,,
,,,,,,development_continuation,confirmed_stability_window,cellular_hasse_mechanism_control,I1,,True,3600,1e-05,True,True,3400,1.179170860680241e-07,0.0,0.0,,,,
,,,,,,development_continuation,confirmed_stability_window,cellular_hasse_mechanism_control,I1,,True,3625,1e-05,True,True,3425,1.0566520092003903e-07,0.0,0.0,,,,
,,,,,,development_continuation,confirmed_stability_window,cellular_hasse_mechanism_control,I1,,True,3650,1e-05,True,True,3450,1.0423539164810383e-07,0.0,0.0,,,,
,,,,,,development_continuation,confirmed_stability_window,cellular_hasse_mechanism_control,I1,,True,3675,1e-05,True,True,3475,1.267457097608437e-07,0.0,0.0,,,,
,,,,,,development_continuation,confirmed_stability_window,cellular_hasse_mechanism_control,I1,,True,3700,1e-05,True,True,3500,9.74422222978162e-08,0.0,0.0,,,,
,,,,,,development_continuation,confirmed_stability_window,cellular_hasse_mechanism_control,I1,,True,3725,1e-05,True,True,3525,1.0791695509158968e-07,0.0,0.0,,,,
,,,,,,development_continuation,confirmed_stability_window,cellular_hasse_mechanism_control,I1,,True,3750,1e-05,True,True,3550,1.2778494806737678e-07,0.0,0.0,,,,
,,,,,,development_continuation,confirmed_stability_window,cellular_hasse_mechanism_control,I1,,True,3775,1e-05,True,True,3575,1.1180428593524048e-07,0.0,0.0,,,,
,,,,,,development_continuation,confirmed_stability_window,cellular_hasse_mechanism_control,I1,,True,3800,1e-05,True,True,3600,1.1650333694344953e-07,0.0,0.0,,,,
,,,,,,development_continuation,confirmed_stability_window,cellular_hasse_mechanism_control,I1,,True,3825,1e-05,True,True,3625,1.2951685703829888e-07,0.0,0.0,,,,
,,,,,,development_continuation,confirmed_stability_window,cellular_hasse_mechanism_control,I1,,True,3850,1e-05,True,True,3650,1.1241798912061113e-07,0.0,0.0,,,,
,,,,,,development_continuation,confirmed_stability_window,cellular_hasse_mechanism_control,I1,,True,3875,1e-05,True,True,3675,8.103670492432057e-08,0.0,0.0,,,,
,,,,,,development_continuation,confirmed_stability_window,cellular_hasse_mechanism_control,I1,,True,3900,1e-05,True,True,3700,1.142438872973402e-07,0.0,0.0,,,,
,,,,,,development_continuation,confirmed_stability_window,cellular_hasse_mechanism_control,I1,,True,3925,1e-05,True,True,3725,1.1683934451824121e-07,0.0,0.0,,,,
,,,,,,development_continuation,confirmed_stability_window,cellular_hasse_mechanism_control,I1,,True,3950,1e-05,True,True,3750,1.5167674299905218e-07,0.0,0.0,,,,
,,,,,,development_continuation,confirmed_stability_window,cellular_hasse_mechanism_control,I1,,True,3975,1e-05,True,True,3775,1.3656942457419737e-07,0.0,0.0,,,,
,,no confirmed sustained local stability under the declared finite-window rule,4000,0.00125,NOT_ESTABLISHED,development_continuation,selected_run_stability,cellular_hasse_mechanism_control,I2,0,,,,,,,,,,,,,
,,no confirmed sustained local stability under the declared finite-window rule,4000,0.00015625,NOT_ESTABLISHED,development_continuation,selected_run_stability,cellular_hasse_mechanism_control,I3,0,,,,,,,,,,,,,
,,no confirmed sustained local stability under the declared finite-window rule,4000,0.000625,NOT_ESTABLISHED,development_continuation,selected_run_stability,cellular_hasse_mechanism_control,I4,0,,,,,,,,,,,,,
3925,3525,finite observed local stability only; not proof of a global optimum,3925,1e-05,SUSTAINED_LOCAL_STABILITY_OBSERVED,development_continuation,selected_run_stability,cellular_hasse_mechanism_control,I5,16,,,,,,,,,,,,,
,,,,,,development_continuation,confirmed_stability_window,cellular_hasse_mechanism_control,I5,,True,3550,1e-05,True,True,3350,2.0067411356586383e-07,0.0008400537634408456,0.0,,,,
,,,,,,development_continuation,confirmed_stability_window,cellular_hasse_mechanism_control,I5,,True,3575,1e-05,True,True,3375,2.0848509969611681e-07,0.0008400537634408456,0.0,,,,
,,,,,,development_continuation,confirmed_stability_window,cellular_hasse_mechanism_control,I5,,True,3600,1e-05,True,True,3400,2.1080752848113745e-07,0.0008400537634408456,0.0,,,,
,,,,,,development_continuation,confirmed_stability_window,cellular_hasse_mechanism_control,I5,,True,3625,1e-05,True,True,3425,2.41718216538314e-07,0.0008400537634408456,0.0,,,,
,,,,,,development_continuation,confirmed_stability_window,cellular_hasse_mechanism_control,I5,,True,3650,1e-05,True,True,3450,2.088579082040067e-07,0.0,0.0,,,,
,,,,,,development_continuation,confirmed_stability_window,cellular_hasse_mechanism_control,I5,,True,3675,1e-05,True,True,3475,2.0215294027565892e-07,0.0,0.0,,,,
,,,,,,development_continuation,confirmed_stability_window,cellular_hasse_mechanism_control,I5,,True,3700,1e-05,True,True,3500,2.2311307692476712e-07,0.0,0.0,,,,
,,,,,,development_continuation,confirmed_stability_window,cellular_hasse_mechanism_control,I5,,True,3725,1e-05,True,True,3525,2.1168793745837547e-07,0.0,0.0,,,,
,,,,,,development_continuation,confirmed_stability_window,cellular_hasse_mechanism_control,I5,,True,3750,1e-05,True,True,3550,2.2795675206242904e-07,0.0,0.0,,,,
,,,,,,development_continuation,confirmed_stability_window,cellular_hasse_mechanism_control,I5,,True,3775,1e-05,True,True,3575,2.2733052424135966e-07,0.0,0.0,,,,
,,,,,,development_continuation,confirmed_stability_window,cellular_hasse_mechanism_control,I5,,True,3800,1e-05,True,True,3600,2.272085932498099e-07,0.0,0.0,,,,
,,,,,,development_continuation,confirmed_stability_window,cellular_hasse_mechanism_control,I5,,True,3825,1e-05,True,True,3625,2.2297812222275372e-07,0.0,0.0,,,,
,,,,,,development_continuation,confirmed_stability_window,cellular_hasse_mechanism_control,I5,,True,3850,1e-05,True,True,3650,2.490157112332346e-07,0.0,0.0,,,,
,,,,,,development_continuation,confirmed_stability_window,cellular_hasse_mechanism_control,I5,,True,3875,1e-05,True,True,3675,2.5586355316644667e-07,0.0,0.0,,,,
,,,,,,development_continuation,confirmed_stability_window,cellular_hasse_mechanism_control,I5,,True,3900,1e-05,True,True,3700,2.5295117581823777e-07,0.0,0.0,,,,
,,,,,,development_continuation,confirmed_stability_window,cellular_hasse_mechanism_control,I5,,True,3925,1e-05,True,True,3725,2.4350072028833514e-07,0.0,0.0,,,,
,,no confirmed sustained local stability under the declared finite-window rule,4000,0.015,NOT_ESTABLISHED,development_continuation,selected_run_stability,directed_local_edge_gnn,I1,0,,,,,,,,,,,,,
,,no confirmed sustained local stability under the declared finite-window rule,4000,5.859375e-05,NOT_ESTABLISHED,development_continuation,selected_run_stability,directed_local_edge_gnn,I2,0,,,,,,,,,,,,,
,,no confirmed sustained local stability under the declared finite-window rule,4000,1.46484375e-05,NOT_ESTABLISHED,development_continuation,selected_run_stability,directed_local_edge_gnn,I3,0,,,,,,,,,,,,,
,3925,no confirmed sustained local stability under the declared finite-window rule,4000,1e-05,NOT_ESTABLISHED,development_continuation,selected_run_stability,directed_local_edge_gnn,I4,3,,,,,,,,,,,,,
,,,,,,development_continuation,confirmed_stability_window,directed_local_edge_gnn,I4,,True,3950,1e-05,True,True,3750,1.0256264715275416e-05,0.0,0.0,,,,
,,,,,,development_continuation,confirmed_stability_window,directed_local_edge_gnn,I4,,True,3975,1e-05,True,True,3775,1.0413843270536062e-05,0.0,0.0,,,,
,,,,,,development_continuation,confirmed_stability_window,directed_local_edge_gnn,I4,,True,4000,1e-05,True,True,3800,1.046133424735841e-05,0.0,0.0,,,,
,,no confirmed sustained local stability under the declared finite-window rule,4000,0.03,NOT_ESTABLISHED,development_continuation,selected_run_stability,directed_local_edge_gnn,I5,0,,,,,,,,,,,,,
,3925,no confirmed sustained local stability under the declared finite-window rule,4000,1e-05,NOT_ESTABLISHED,development_continuation,selected_run_stability,simplicial_mpsn_style_local,I1,3,,,,,,,,,,,,,
,,,,,,development_continuation,confirmed_stability_window,simplicial_mpsn_style_local,I1,,True,3950,1e-05,True,True,3750,1.4431417310953795e-07,0.0,0.0,,,,
,,,,,,development_continuation,confirmed_stability_window,simplicial_mpsn_style_local,I1,,True,3975,1e-05,True,True,3775,1.504333639866967e-07,0.0,0.0,,,,
,,,,,,development_continuation,confirmed_stability_window,simplicial_mpsn_style_local,I1,,True,4000,1e-05,True,True,3800,1.6479955020383157e-07,0.0,0.0,,,,
,,no confirmed sustained local stability under the declared finite-window rule,4000,0.0009375,NOT_ESTABLISHED,development_continuation,selected_run_stability,simplicial_mpsn_style_local,I2,0,,,,,,,,,,,,,
,,no confirmed sustained local stability under the declared finite-window rule,4000,0.001875,NOT_ESTABLISHED,development_continuation,selected_run_stability,simplicial_mpsn_style_local,I3,0,,,,,,,,,,,,,
,,no confirmed sustained local stability under the declared finite-window rule,4000,1e-05,NOT_ESTABLISHED,development_continuation,selected_run_stability,simplicial_mpsn_style_local,I4,0,,,,,,,,,,,,,
,,no confirmed sustained local stability under the declared finite-window rule,4000,0.00375,NOT_ESTABLISHED,development_continuation,selected_run_stability,simplicial_mpsn_style_local,I5,0,,,,,,,,,,,,,
,,,,,,development_continuation,candidate_policy_setting,cellular_cwn_style_local,I1,,,,,,,,,,,0.01,0.21665239943626724,0.01,
,,,,,,development_continuation,candidate_policy_setting,cellular_cwn_style_local,I2,,,,,,,,,,,0.01,0.21870432693866443,0.01,
,,,,,,development_continuation,candidate_policy_setting,cellular_cwn_style_local,I3,,,,,,,,,,,0.01,0.21321514590726626,0.01,
,,,,,,development_continuation,candidate_policy_setting,cellular_cwn_style_local,I4,,,,,,,,,,,0.01,0.20729674940735565,0.01,
,,,,,,development_continuation,candidate_policy_setting,cellular_cwn_style_local,I5,,,,,,,,,,,0.01,0.18099860794687395,0.01,
,,,,,,development_continuation,candidate_policy_setting,cellular_cwn_style_local,I1,,,,,,,,,,,0.03,0.21920659062995257,0.01,
,,,,,,development_continuation,candidate_policy_setting,cellular_cwn_style_local,I2,,,,,,,,,,,0.03,0.21990748290296297,0.01,
,,,,,,development_continuation,candidate_policy_setting,cellular_cwn_style_local,I3,,,,,,,,,,,0.03,0.21657588818588586,0.01,
,,,,,,development_continuation,candidate_policy_setting,cellular_cwn_style_local,I4,,,,,,,,,,,0.03,0.21948902091269126,0.01,
,,,,,,development_continuation,candidate_policy_setting,cellular_cwn_style_local,I5,,,,,,,,,,,0.03,0.2140460575350529,0.01,
,,,,,,development_continuation,candidate_policy_mean,cellular_cwn_style_local,,,,,,,,,,,,0.01,,0.01,0.20737344592728552
,,,,,,development_continuation,candidate_policy_mean,cellular_cwn_style_local,,,,,,,,,,,,0.03,,0.01,0.2178450080333091
,,,,,,development_continuation,candidate_policy_setting,cellular_hasse_mechanism_control,I1,,,,,,,,,,,0.01,0.2189967345104653,0.01,
,,,,,,development_continuation,candidate_policy_setting,cellular_hasse_mechanism_control,I2,,,,,,,,,,,0.01,0.21631653627108405,0.01,
,,,,,,development_continuation,candidate_policy_setting,cellular_hasse_mechanism_control,I3,,,,,,,,,,,0.01,0.21688346840236794,0.01,
,,,,,,development_continuation,candidate_policy_setting,cellular_hasse_mechanism_control,I4,,,,,,,,,,,0.01,0.2169035157686157,0.01,
,,,,,,development_continuation,candidate_policy_setting,cellular_hasse_mechanism_control,I5,,,,,,,,,,,0.01,0.2200912317474602,0.01,
,,,,,,development_continuation,candidate_policy_setting,cellular_hasse_mechanism_control,I1,,,,,,,,,,,0.03,0.22008049511160763,0.01,
,,,,,,development_continuation,candidate_policy_setting,cellular_hasse_mechanism_control,I2,,,,,,,,,,,0.03,0.2184296493730541,0.01,
,,,,,,development_continuation,candidate_policy_setting,cellular_hasse_mechanism_control,I3,,,,,,,,,,,0.03,0.21991888636770246,0.01,
,,,,,,development_continuation,candidate_policy_setting,cellular_hasse_mechanism_control,I4,,,,,,,,,,,0.03,0.2169035157686157,0.01,
,,,,,,development_continuation,candidate_policy_setting,cellular_hasse_mechanism_control,I5,,,,,,,,,,,0.03,0.22067602126410307,0.01,
,,,,,,development_continuation,candidate_policy_mean,cellular_hasse_mechanism_control,,,,,,,,,,,,0.01,,0.01,0.21783829733999865
,,,,,,development_continuation,candidate_policy_mean,cellular_hasse_mechanism_control,,,,,,,,,,,,0.03,,0.01,0.21920171357701657
,,,,,,development_continuation,candidate_policy_setting,directed_local_edge_gnn,I1,,,,,,,,,,,0.01,0.20310223570895675,0.03,
,,,,,,development_continuation,candidate_policy_setting,directed_local_edge_gnn,I2,,,,,,,,,,,0.01,0.20377593641636482,0.03,
,,,,,,development_continuation,candidate_policy_setting,directed_local_edge_gnn,I3,,,,,,,,,,,0.01,0.2042376050789667,0.03,
,,,,,,development_continuation,candidate_policy_setting,directed_local_edge_gnn,I4,,,,,,,,,,,0.01,0.20348077432192807,0.03,
,,,,,,development_continuation,candidate_policy_setting,directed_local_edge_gnn,I5,,,,,,,,,,,0.01,0.20404015912496576,0.03,
,,,,,,development_continuation,candidate_policy_setting,directed_local_edge_gnn,I1,,,,,,,,,,,0.03,0.2029969912117952,0.03,
,,,,,,development_continuation,candidate_policy_setting,directed_local_edge_gnn,I2,,,,,,,,,,,0.03,0.20336104489694412,0.03,
,,,,,,development_continuation,candidate_policy_setting,directed_local_edge_gnn,I3,,,,,,,,,,,0.03,0.2042376050789667,0.03,
,,,,,,development_continuation,candidate_policy_setting,directed_local_edge_gnn,I4,,,,,,,,,,,0.03,0.20453974842643968,0.03,
,,,,,,development_continuation,candidate_policy_setting,directed_local_edge_gnn,I5,,,,,,,,,,,0.03,0.2017844314443302,0.03,
,,,,,,development_continuation,candidate_policy_mean,directed_local_edge_gnn,,,,,,,,,,,,0.01,,0.03,0.20372734213023644
,,,,,,development_continuation,candidate_policy_mean,directed_local_edge_gnn,,,,,,,,,,,,0.03,,0.03,0.2033839642116952
,,,,,,development_continuation,candidate_policy_setting,simplicial_mpsn_style_local,I1,,,,,,,,,,,0.01,0.21857336910475403,0.03,
,,,,,,development_continuation,candidate_policy_setting,simplicial_mpsn_style_local,I2,,,,,,,,,,,0.01,0.2176299790377274,0.03,
,,,,,,development_continuation,candidate_policy_setting,simplicial_mpsn_style_local,I3,,,,,,,,,,,0.01,0.21891682820605368,0.03,
,,,,,,development_continuation,candidate_policy_setting,simplicial_mpsn_style_local,I4,,,,,,,,,,,0.01,0.21784297867138216,0.03,
,,,,,,development_continuation,candidate_policy_setting,simplicial_mpsn_style_local,I5,,,,,,,,,,,0.01,0.21847831217031105,0.03,
,,,,,,development_continuation,candidate_policy_setting,simplicial_mpsn_style_local,I1,,,,,,,,,,,0.03,0.21865249670456954,0.03,
,,,,,,development_continuation,candidate_policy_setting,simplicial_mpsn_style_local,I2,,,,,,,,,,,0.03,0.21788264802532648,0.03,
,,,,,,development_continuation,candidate_policy_setting,simplicial_mpsn_style_local,I3,,,,,,,,,,,0.03,0.21838267153767488,0.03,
,,,,,,development_continuation,candidate_policy_setting,simplicial_mpsn_style_local,I4,,,,,,,,,,,0.03,0.21784297867138216,0.03,
,,,,,,development_continuation,candidate_policy_setting,simplicial_mpsn_style_local,I5,,,,,,,,,,,0.03,0.2183024965524477,0.03,
,,,,,,development_continuation,candidate_policy_mean,simplicial_mpsn_style_local,,,,,,,,,,,,0.01,,0.03,0.21828829343804562
,,,,,,development_continuation,candidate_policy_mean,simplicial_mpsn_style_local,,,,,,,,,,,,0.03,,0.03,0.21821265829828013
