kind,arm,learning_rate,status,epochs_completed,endpoint_reason,best_validation_bce,best_epoch,consecutive_endpoint_evaluations,duration_seconds,phase,record_type,trial,initialization,split,finite_stability_status,confirmation_end_epoch,selected_rate,epoch,correct_at_logit_zero,post_update_equal_world_bce,coordinate_checks_passed,coordinate_checks_total,all_16_observed_logits_bitwise_equal_to_uninstrumented,endpoint_status,ap,auroc,bce,n,positives,world,mean_best_equal_world_validation_bce
summary,fixed20_tabular_neural_control,0.001,completed,3000,3000-epoch cap reached; no early stopping rule applied,0.11894657462835312,375,0,5.011491835059132,learning_diagnostic,trial,F001,I1,training_with_validation_selection,NOT_ESTABLISHED,,0.001,,,,,,,,,,,,,,
microfit,cellular_cwn_style_local,0.001,endpoint_established,575,BCE<=0.02 and all 16 correct at logit zero for 20 consecutive post-update evaluations,,,20,3.198398875014391,learning_diagnostic,trial,F002,I1,training_subset,,,,575,16,0.001124414297761198,16,16,True,endpoint_established,,,,,,,
microfit,cellular_cwn_style_local,0.01,endpoint_established,500,BCE<=0.02 and all 16 correct at logit zero for 20 consecutive post-update evaluations,,,20,2.7627443340606987,learning_diagnostic,trial,F003,I1,training_subset,,,,500,16,8.92189297246538e-05,16,16,True,endpoint_established,,,,,,,
microfit,cellular_cwn_style_local,0.03,endpoint_established,525,BCE<=0.02 and all 16 correct at logit zero for 20 consecutive post-update evaluations,,,20,2.90102295903489,learning_diagnostic,trial,F004,I1,training_subset,,,,525,16,0.0003750753806685427,16,16,True,endpoint_established,,,,,,,
microfit,cellular_cwn_style_local,0.001,endpoint_established,575,BCE<=0.02 and all 16 correct at logit zero for 20 consecutive post-update evaluations,,,20,3.1819378749351017,learning_diagnostic,trial,F005,I2,training_subset,,,,575,16,0.0010503511573769497,16,16,True,endpoint_established,,,,,,,
summary,fixed20_tabular_neural_control,0.01,completed,3000,3000-epoch cap reached; no early stopping rule applied,0.14001839607954025,75,0,4.99250887701055,learning_diagnostic,trial,F006,I1,training_with_validation_selection,NOT_ESTABLISHED,,0.001,,,,,,,,,,,,,,
microfit,cellular_cwn_style_local,0.01,endpoint_established,525,BCE<=0.02 and all 16 correct at logit zero for 20 consecutive post-update evaluations,,,20,2.927589207945857,learning_diagnostic,trial,F007,I2,training_subset,,,,525,16,0.00022530801232037784,16,16,True,endpoint_established,,,,,,,
microfit,cellular_cwn_style_local,0.03,endpoint_established,525,BCE<=0.02 and all 16 correct at logit zero for 20 consecutive post-update evaluations,,,20,2.8923077910440043,learning_diagnostic,trial,F008,I2,training_subset,,,,525,16,0.0004397383594993085,16,16,True,endpoint_established,,,,,,,
microfit,cellular_cwn_style_local,0.001,endpoint_established,575,BCE<=0.02 and all 16 correct at logit zero for 20 consecutive post-update evaluations,,,20,3.154065084992908,learning_diagnostic,trial,F009,I3,training_subset,,,,575,16,0.0011884888277079362,16,16,True,endpoint_established,,,,,,,
microfit,cellular_cwn_style_local,0.01,endpoint_established,500,BCE<=0.02 and all 16 correct at logit zero for 20 consecutive post-update evaluations,,,20,2.734479292004835,learning_diagnostic,trial,F010,I3,training_subset,,,,500,16,0.00012001862329509792,16,16,True,endpoint_established,,,,,,,
summary,fixed20_tabular_neural_control,0.03,completed,3000,3000-epoch cap reached; no early stopping rule applied,0.146817184984684,25,0,4.953275167150423,learning_diagnostic,trial,F011,I1,training_with_validation_selection,NOT_ESTABLISHED,,0.001,,,,,,,,,,,,,,
microfit,cellular_cwn_style_local,0.03,endpoint_established,525,BCE<=0.02 and all 16 correct at logit zero for 20 consecutive post-update evaluations,,,20,2.906692206976004,learning_diagnostic,trial,F012,I3,training_subset,,,,525,16,0.00015616136686480352,16,16,True,endpoint_established,,,,,,,
microfit,cellular_cwn_style_local,0.001,endpoint_established,575,BCE<=0.02 and all 16 correct at logit zero for 20 consecutive post-update evaluations,,,20,3.1660318339709193,learning_diagnostic,trial,F013,I4,training_subset,,,,575,16,0.0008112929375539246,16,16,True,endpoint_established,,,,,,,
microfit,cellular_cwn_style_local,0.01,endpoint_established,525,BCE<=0.02 and all 16 correct at logit zero for 20 consecutive post-update evaluations,,,20,2.877150917018298,learning_diagnostic,trial,F014,I4,training_subset,,,,525,16,9.645171336473995e-05,16,16,True,endpoint_established,,,,,,,
microfit,cellular_cwn_style_local,0.03,endpoint_established,525,BCE<=0.02 and all 16 correct at logit zero for 20 consecutive post-update evaluations,,,20,2.9006424160907045,learning_diagnostic,trial,F015,I4,training_subset,,,,525,16,0.00027263319553374164,16,16,True,endpoint_established,,,,,,,
summary,fixed20_tabular_neural_control,0.001,completed,3000,3000-epoch cap reached; no early stopping rule applied,0.11553587019443512,375,0,4.946834205009509,learning_diagnostic,trial,F016,I2,training_with_validation_selection,NOT_ESTABLISHED,,0.001,,,,,,,,,,,,,,
microfit,cellular_cwn_style_local,0.001,endpoint_established,575,BCE<=0.02 and all 16 correct at logit zero for 20 consecutive post-update evaluations,,,20,3.1733845009002835,learning_diagnostic,trial,F017,I5,training_subset,,,,575,16,0.0009212593540914283,16,16,True,endpoint_established,,,,,,,
microfit,cellular_cwn_style_local,0.01,endpoint_established,525,BCE<=0.02 and all 16 correct at logit zero for 20 consecutive post-update evaluations,,,20,3.0432650009170175,learning_diagnostic,trial,F018,I5,training_subset,,,,525,16,0.00019025813232080463,16,16,True,endpoint_established,,,,,,,
microfit,cellular_cwn_style_local,0.03,endpoint_established,550,BCE<=0.02 and all 16 correct at logit zero for 20 consecutive post-update evaluations,,,20,3.033217582036741,learning_diagnostic,trial,F019,I5,training_subset,,,,550,16,0.0007777260378658112,16,16,True,endpoint_established,,,,,,,
microfit,simplicial_mpsn_style_local,0.001,endpoint_established,675,BCE<=0.02 and all 16 correct at logit zero for 20 consecutive post-update evaluations,,,20,6.935884916980285,learning_diagnostic,trial,F020,I1,training_subset,,,,675,16,0.0011012291133280735,16,16,True,endpoint_established,,,,,,,
summary,fixed20_tabular_neural_control,0.01,completed,3000,3000-epoch cap reached; no early stopping rule applied,0.1403232142329216,75,0,4.95505787798902,learning_diagnostic,trial,F021,I2,training_with_validation_selection,NOT_ESTABLISHED,,0.001,,,,,,,,,,,,,,
microfit,simplicial_mpsn_style_local,0.01,endpoint_established,525,BCE<=0.02 and all 16 correct at logit zero for 20 consecutive post-update evaluations,,,20,5.358301709056832,learning_diagnostic,trial,F022,I1,training_subset,,,,525,16,0.0001790727100914983,16,16,True,endpoint_established,,,,,,,
microfit,simplicial_mpsn_style_local,0.03,endpoint_established,550,BCE<=0.02 and all 16 correct at logit zero for 20 consecutive post-update evaluations,,,20,5.574823126022238,learning_diagnostic,trial,F023,I1,training_subset,,,,550,16,0.0003028381451697255,16,16,True,endpoint_established,,,,,,,
microfit,simplicial_mpsn_style_local,0.001,endpoint_established,675,BCE<=0.02 and all 16 correct at logit zero for 20 consecutive post-update evaluations,,,20,6.866812459018547,learning_diagnostic,trial,F024,I2,training_subset,,,,675,16,0.001169641011228381,16,16,True,endpoint_established,,,,,,,
microfit,simplicial_mpsn_style_local,0.01,endpoint_established,525,BCE<=0.02 and all 16 correct at logit zero for 20 consecutive post-update evaluations,,,20,5.3479657070711255,learning_diagnostic,trial,F025,I2,training_subset,,,,525,16,0.00017508008634083556,16,16,True,endpoint_established,,,,,,,
summary,fixed20_tabular_neural_control,0.03,completed,3000,3000-epoch cap reached; no early stopping rule applied,0.15447714179754257,25,0,4.934226542012766,learning_diagnostic,trial,F026,I2,training_with_validation_selection,NOT_ESTABLISHED,,0.001,,,,,,,,,,,,,,
microfit,simplicial_mpsn_style_local,0.03,endpoint_established,575,BCE<=0.02 and all 16 correct at logit zero for 20 consecutive post-update evaluations,,,20,5.803185122902505,learning_diagnostic,trial,F027,I2,training_subset,,,,575,16,0.0009039883718151252,16,16,True,endpoint_established,,,,,,,
microfit,simplicial_mpsn_style_local,0.001,endpoint_established,675,BCE<=0.02 and all 16 correct at logit zero for 20 consecutive post-update evaluations,,,20,6.917068165901583,learning_diagnostic,trial,F028,I3,training_subset,,,,675,16,0.0010881472398021246,16,16,True,endpoint_established,,,,,,,
microfit,simplicial_mpsn_style_local,0.01,endpoint_established,525,BCE<=0.02 and all 16 correct at logit zero for 20 consecutive post-update evaluations,,,20,5.424926874926314,learning_diagnostic,trial,F029,I3,training_subset,,,,525,16,0.0001438580979860146,16,16,True,endpoint_established,,,,,,,
microfit,simplicial_mpsn_style_local,0.03,endpoint_established,575,BCE<=0.02 and all 16 correct at logit zero for 20 consecutive post-update evaluations,,,20,5.866144750092644,learning_diagnostic,trial,F030,I3,training_subset,,,,575,16,0.00037506100104753076,16,16,True,endpoint_established,,,,,,,
summary,fixed20_tabular_neural_control,0.001,completed,3000,3000-epoch cap reached; no early stopping rule applied,0.09424648061394691,575,0,4.939358122006524,learning_diagnostic,trial,F031,I3,training_with_validation_selection,NOT_ESTABLISHED,,0.001,,,,,,,,,,,,,,
microfit,simplicial_mpsn_style_local,0.001,endpoint_established,675,BCE<=0.02 and all 16 correct at logit zero for 20 consecutive post-update evaluations,,,20,6.933136998966802,learning_diagnostic,trial,F032,I4,training_subset,,,,675,16,0.001122112663643159,16,16,True,endpoint_established,,,,,,,
microfit,simplicial_mpsn_style_local,0.01,endpoint_established,525,BCE<=0.02 and all 16 correct at logit zero for 20 consecutive post-update evaluations,,,20,5.349082499975339,learning_diagnostic,trial,F033,I4,training_subset,,,,525,16,0.00016070685591043927,16,16,True,endpoint_established,,,,,,,
microfit,simplicial_mpsn_style_local,0.03,endpoint_established,575,BCE<=0.02 and all 16 correct at logit zero for 20 consecutive post-update evaluations,,,20,5.899769247858785,learning_diagnostic,trial,F034,I4,training_subset,,,,575,16,0.0006589578430634741,16,16,True,endpoint_established,,,,,,,
microfit,simplicial_mpsn_style_local,0.001,endpoint_established,650,BCE<=0.02 and all 16 correct at logit zero for 20 consecutive post-update evaluations,,,20,6.663633958960418,learning_diagnostic,trial,F035,I5,training_subset,,,,650,16,0.0011994590950658679,16,16,True,endpoint_established,,,,,,,
summary,fixed20_tabular_neural_control,0.01,completed,3000,3000-epoch cap reached; no early stopping rule applied,0.14791060239076614,100,0,4.959903831942938,learning_diagnostic,trial,F036,I3,training_with_validation_selection,NOT_ESTABLISHED,,0.001,,,,,,,,,,,,,,
microfit,simplicial_mpsn_style_local,0.01,endpoint_established,525,BCE<=0.02 and all 16 correct at logit zero for 20 consecutive post-update evaluations,,,20,5.398445292026736,learning_diagnostic,trial,F037,I5,training_subset,,,,525,16,0.00012221705885043753,16,16,True,endpoint_established,,,,,,,
microfit,simplicial_mpsn_style_local,0.03,endpoint_established,575,BCE<=0.02 and all 16 correct at logit zero for 20 consecutive post-update evaluations,,,20,5.88134450011421,learning_diagnostic,trial,F038,I5,training_subset,,,,575,16,0.0006244825056738667,16,16,True,endpoint_established,,,,,,,
microfit,directed_local_edge_gnn,0.001,endpoint_established,575,BCE<=0.02 and all 16 correct at logit zero for 20 consecutive post-update evaluations,,,20,3.4735461660311557,learning_diagnostic,trial,F039,I1,training_subset,,,,575,16,0.0008668664453192499,16,16,True,endpoint_established,,,,,,,
microfit,directed_local_edge_gnn,0.01,endpoint_established,500,BCE<=0.02 and all 16 correct at logit zero for 20 consecutive post-update evaluations,,,20,3.0231272910605185,learning_diagnostic,trial,F040,I1,training_subset,,,,500,16,3.9938377926005286e-05,16,16,True,endpoint_established,,,,,,,
summary,fixed20_tabular_neural_control,0.03,completed,3000,3000-epoch cap reached; no early stopping rule applied,0.1365542933344841,50,0,4.991078831779305,learning_diagnostic,trial,F041,I3,training_with_validation_selection,NOT_ESTABLISHED,,0.001,,,,,,,,,,,,,,
microfit,directed_local_edge_gnn,0.03,endpoint_established,500,BCE<=0.02 and all 16 correct at logit zero for 20 consecutive post-update evaluations,,,20,3.0111348329810426,learning_diagnostic,trial,F042,I1,training_subset,,,,500,16,5.663052951725754e-05,16,16,True,endpoint_established,,,,,,,
microfit,directed_local_edge_gnn,0.001,endpoint_established,575,BCE<=0.02 and all 16 correct at logit zero for 20 consecutive post-update evaluations,,,20,3.5152994579984806,learning_diagnostic,trial,F043,I2,training_subset,,,,575,16,0.0007280409661819852,16,16,True,endpoint_established,,,,,,,
microfit,directed_local_edge_gnn,0.01,endpoint_established,500,BCE<=0.02 and all 16 correct at logit zero for 20 consecutive post-update evaluations,,,20,3.014441543025896,learning_diagnostic,trial,F044,I2,training_subset,,,,500,16,5.4481541488222956e-05,16,16,True,endpoint_established,,,,,,,
microfit,directed_local_edge_gnn,0.03,endpoint_established,500,BCE<=0.02 and all 16 correct at logit zero for 20 consecutive post-update evaluations,,,20,3.028717751032673,learning_diagnostic,trial,F045,I2,training_subset,,,,500,16,5.963277456185006e-05,16,16,True,endpoint_established,,,,,,,
summary,fixed20_tabular_neural_control,0.001,completed,3000,3000-epoch cap reached; no early stopping rule applied,0.1193351149559021,300,0,4.907664995815139,learning_diagnostic,trial,F046,I4,training_with_validation_selection,NOT_ESTABLISHED,,0.001,,,,,,,,,,,,,,
microfit,directed_local_edge_gnn,0.001,endpoint_established,575,BCE<=0.02 and all 16 correct at logit zero for 20 consecutive post-update evaluations,,,20,3.5702217500074767,learning_diagnostic,trial,F047,I3,training_subset,,,,575,16,0.0008306054734629529,16,16,True,endpoint_established,,,,,,,
microfit,directed_local_edge_gnn,0.01,endpoint_established,500,BCE<=0.02 and all 16 correct at logit zero for 20 consecutive post-update evaluations,,,20,3.0562582930433564,learning_diagnostic,trial,F048,I3,training_subset,,,,500,16,5.098120592941011e-05,16,16,True,endpoint_established,,,,,,,
microfit,directed_local_edge_gnn,0.03,endpoint_established,500,BCE<=0.02 and all 16 correct at logit zero for 20 consecutive post-update evaluations,,,20,3.0045537910191342,learning_diagnostic,trial,F049,I3,training_subset,,,,500,16,2.13407003048252e-05,16,16,True,endpoint_established,,,,,,,
microfit,directed_local_edge_gnn,0.001,endpoint_established,575,BCE<=0.02 and all 16 correct at logit zero for 20 consecutive post-update evaluations,,,20,3.511476915969979,learning_diagnostic,trial,F050,I4,training_subset,,,,575,16,0.0007538023341512232,16,16,True,endpoint_established,,,,,,,
summary,fixed20_tabular_neural_control,0.01,completed,3000,3000-epoch cap reached; no early stopping rule applied,0.1370803527534008,100,0,4.936552250699606,learning_diagnostic,trial,F051,I4,training_with_validation_selection,NOT_ESTABLISHED,,0.001,,,,,,,,,,,,,,
microfit,directed_local_edge_gnn,0.01,endpoint_established,500,BCE<=0.02 and all 16 correct at logit zero for 20 consecutive post-update evaluations,,,20,3.0107936239801347,learning_diagnostic,trial,F052,I4,training_subset,,,,500,16,3.661158459281291e-05,16,16,True,endpoint_established,,,,,,,
microfit,directed_local_edge_gnn,0.03,endpoint_established,500,BCE<=0.02 and all 16 correct at logit zero for 20 consecutive post-update evaluations,,,20,3.0108549999422394,learning_diagnostic,trial,F053,I4,training_subset,,,,500,16,7.069466007699547e-05,16,16,True,endpoint_established,,,,,,,
microfit,directed_local_edge_gnn,0.001,endpoint_established,575,BCE<=0.02 and all 16 correct at logit zero for 20 consecutive post-update evaluations,,,20,3.4973848749650642,learning_diagnostic,trial,F054,I5,training_subset,,,,575,16,0.0007572682789425804,16,16,True,endpoint_established,,,,,,,
microfit,directed_local_edge_gnn,0.01,endpoint_established,500,BCE<=0.02 and all 16 correct at logit zero for 20 consecutive post-update evaluations,,,20,3.020386335090734,learning_diagnostic,trial,F055,I5,training_subset,,,,500,16,3.005850284547006e-05,16,16,True,endpoint_established,,,,,,,
summary,fixed20_tabular_neural_control,0.03,completed,3000,3000-epoch cap reached; no early stopping rule applied,0.16809625923633575,25,0,4.9670106651610695,learning_diagnostic,trial,F056,I4,training_with_validation_selection,NOT_ESTABLISHED,,0.001,,,,,,,,,,,,,,
microfit,directed_local_edge_gnn,0.03,endpoint_established,500,BCE<=0.02 and all 16 correct at logit zero for 20 consecutive post-update evaluations,,,20,3.0105188331217505,learning_diagnostic,trial,F057,I5,training_subset,,,,500,16,3.4673816653321246e-05,16,16,True,endpoint_established,,,,,,,
microfit,cellular_hasse_mechanism_control,0.001,endpoint_established,575,BCE<=0.02 and all 16 correct at logit zero for 20 consecutive post-update evaluations,,,20,3.4945668739965186,learning_diagnostic,trial,F058,I1,training_subset,,,,575,16,0.0012706142884885475,16,16,True,endpoint_established,,,,,,,
microfit,cellular_hasse_mechanism_control,0.01,endpoint_established,500,BCE<=0.02 and all 16 correct at logit zero for 20 consecutive post-update evaluations,,,20,3.03164524998283,learning_diagnostic,trial,F059,I1,training_subset,,,,500,16,0.00012291012525658822,16,16,True,endpoint_established,,,,,,,
microfit,cellular_hasse_mechanism_control,0.03,endpoint_established,525,BCE<=0.02 and all 16 correct at logit zero for 20 consecutive post-update evaluations,,,20,3.181785749970004,learning_diagnostic,trial,F060,I1,training_subset,,,,525,16,0.0001514052642684005,16,16,True,endpoint_established,,,,,,,
summary,fixed20_tabular_neural_control,0.001,completed,3000,3000-epoch cap reached; no early stopping rule applied,0.11859575659036636,375,0,4.979115876951255,learning_diagnostic,trial,F061,I5,training_with_validation_selection,NOT_ESTABLISHED,,0.001,,,,,,,,,,,,,,
microfit,cellular_hasse_mechanism_control,0.001,endpoint_established,575,BCE<=0.02 and all 16 correct at logit zero for 20 consecutive post-update evaluations,,,20,3.512206500105094,learning_diagnostic,trial,F062,I2,training_subset,,,,575,16,0.0010765350061225582,16,16,True,endpoint_established,,,,,,,
microfit,cellular_hasse_mechanism_control,0.01,endpoint_established,500,BCE<=0.02 and all 16 correct at logit zero for 20 consecutive post-update evaluations,,,20,3.028428458084818,learning_diagnostic,trial,F063,I2,training_subset,,,,500,16,9.348796798796925e-05,16,16,True,endpoint_established,,,,,,,
microfit,cellular_hasse_mechanism_control,0.03,endpoint_established,525,BCE<=0.02 and all 16 correct at logit zero for 20 consecutive post-update evaluations,,,20,3.18658670905279,learning_diagnostic,trial,F064,I2,training_subset,,,,525,16,0.0003179994016989832,16,16,True,endpoint_established,,,,,,,
microfit,cellular_hasse_mechanism_control,0.001,endpoint_established,600,BCE<=0.02 and all 16 correct at logit zero for 20 consecutive post-update evaluations,,,20,3.669640415988397,learning_diagnostic,trial,F065,I3,training_subset,,,,600,16,0.0016537858165748792,16,16,True,endpoint_established,,,,,,,
summary,fixed20_tabular_neural_control,0.01,completed,3000,3000-epoch cap reached; no early stopping rule applied,0.11392032355070114,225,0,4.954289750079624,learning_diagnostic,trial,F066,I5,training_with_validation_selection,NOT_ESTABLISHED,,0.001,,,,,,,,,,,,,,
microfit,cellular_hasse_mechanism_control,0.01,endpoint_established,500,BCE<=0.02 and all 16 correct at logit zero for 20 consecutive post-update evaluations,,,20,3.04969012492802,learning_diagnostic,trial,F067,I3,training_subset,,,,500,16,0.00015717245806789781,16,16,True,endpoint_established,,,,,,,
microfit,cellular_hasse_mechanism_control,0.03,endpoint_established,550,BCE<=0.02 and all 16 correct at logit zero for 20 consecutive post-update evaluations,,,20,3.347017415042501,learning_diagnostic,trial,F068,I3,training_subset,,,,550,16,0.0006245819684397341,16,16,True,endpoint_established,,,,,,,
microfit,cellular_hasse_mechanism_control,0.001,endpoint_established,600,BCE<=0.02 and all 16 correct at logit zero for 20 consecutive post-update evaluations,,,20,3.6506506248842925,learning_diagnostic,trial,F069,I4,training_subset,,,,600,16,0.0014471656271121147,16,16,True,endpoint_established,,,,,,,
microfit,cellular_hasse_mechanism_control,0.01,endpoint_established,525,BCE<=0.02 and all 16 correct at logit zero for 20 consecutive post-update evaluations,,,20,3.1804771260358393,learning_diagnostic,trial,F070,I4,training_subset,,,,525,16,0.0002793354473191374,16,16,True,endpoint_established,,,,,,,
summary,fixed20_tabular_neural_control,0.03,completed,3000,3000-epoch cap reached; no early stopping rule applied,0.08324837870895863,125,0,5.016915917978622,learning_diagnostic,trial,F071,I5,training_with_validation_selection,NOT_ESTABLISHED,,0.001,,,,,,,,,,,,,,
microfit,cellular_hasse_mechanism_control,0.03,endpoint_established,525,BCE<=0.02 and all 16 correct at logit zero for 20 consecutive post-update evaluations,,,20,3.2004396240226924,learning_diagnostic,trial,F072,I4,training_subset,,,,525,16,0.00027872820036198867,16,16,True,endpoint_established,,,,,,,
microfit,cellular_hasse_mechanism_control,0.001,endpoint_established,575,BCE<=0.02 and all 16 correct at logit zero for 20 consecutive post-update evaluations,,,20,3.506862500042189,learning_diagnostic,trial,F073,I5,training_subset,,,,575,16,0.0010619957793616336,16,16,True,endpoint_established,,,,,,,
microfit,cellular_hasse_mechanism_control,0.01,endpoint_established,500,BCE<=0.02 and all 16 correct at logit zero for 20 consecutive post-update evaluations,,,20,3.055831459001638,learning_diagnostic,trial,F074,I5,training_subset,,,,500,16,7.22324661302307e-05,16,16,True,endpoint_established,,,,,,,
microfit,cellular_hasse_mechanism_control,0.03,endpoint_established,575,BCE<=0.02 and all 16 correct at logit zero for 20 consecutive post-update evaluations,,,20,3.518203374056611,learning_diagnostic,trial,F075,I5,training_subset,,,,575,16,0.0011589647309761665,16,16,True,endpoint_established,,,,,,,
,fixed20_tabular_neural_control,,,,,,,,,learning_diagnostic,selected_summary_validation_metric,,I1,validation,,,0.001,,,,,,,,0.6347222222222222,0.9722222222222222,0.12087363100160363,78,6,D5,
,fixed20_tabular_neural_control,,,,,,,,,learning_diagnostic,selected_summary_validation_metric,,I1,validation,,,0.001,,,,,,,,0.6072751322751323,0.9675925925925926,0.11701950688276626,78,6,D6,
,fixed20_tabular_neural_control,,,,,,,,,learning_diagnostic,selected_summary_validation_metric,,I2,validation,,,0.001,,,,,,,,0.7436868686868687,0.9699074074074074,0.11320010562243592,78,6,D5,
,fixed20_tabular_neural_control,,,,,,,,,learning_diagnostic,selected_summary_validation_metric,,I2,validation,,,0.001,,,,,,,,0.7092592592592593,0.9675925925925926,0.11787162061927389,78,6,D6,
,fixed20_tabular_neural_control,,,,,,,,,learning_diagnostic,selected_summary_validation_metric,,I3,validation,,,0.001,,,,,,,,0.8218253968253967,0.9837962962962963,0.08109217085290987,78,6,D5,
,fixed20_tabular_neural_control,,,,,,,,,learning_diagnostic,selected_summary_validation_metric,,I3,validation,,,0.001,,,,,,,,0.7551587301587301,0.9791666666666666,0.10740079424986353,78,6,D6,
,fixed20_tabular_neural_control,,,,,,,,,learning_diagnostic,selected_summary_validation_metric,,I4,validation,,,0.001,,,,,,,,0.6634920634920634,0.9675925925925926,0.12483272086902786,78,6,D5,
,fixed20_tabular_neural_control,,,,,,,,,learning_diagnostic,selected_summary_validation_metric,,I4,validation,,,0.001,,,,,,,,0.7461640211640211,0.9722222222222222,0.11383752839132787,78,6,D6,
,fixed20_tabular_neural_control,,,,,,,,,learning_diagnostic,selected_summary_validation_metric,,I5,validation,,,0.001,,,,,,,,0.7694805194805194,0.9699074074074074,0.1073229787758841,78,6,D5,
,fixed20_tabular_neural_control,,,,,,,,,learning_diagnostic,selected_summary_validation_metric,,I5,validation,,,0.001,,,,,,,,0.6742424242424241,0.9606481481481481,0.1298685521563632,78,6,D6,
,fixed20_tabular_neural_control,0.001,,,,,,,,learning_diagnostic,summary_rate_selection,,,,,,0.001,,,,,,,,,,,,,,0.11333195939660072
,fixed20_tabular_neural_control,0.01,,,,,,,,learning_diagnostic,summary_rate_selection,,,,,,0.001,,,,,,,,,,,,,,0.13585057780146598
,fixed20_tabular_neural_control,0.03,,,,,,,,learning_diagnostic,summary_rate_selection,,,,,,0.001,,,,,,,,,,,,,,0.137838651612401
