phase,arm,world,initialization,ap,ap_undefined_reason,auroc,auroc_undefined_reason,bce,candidate_count,positives,negatives,prevalence,true_positive,false_positive,true_negative,false_negative,threshold,threshold_rule
heldout,fixed20_tabular_neural_control,W1,I1,0.9047619047619048,,0.9814814814814815,,0.11542936326586559,78,6,72,0.07692307692307693,1,0,72,5,0.0,raw_logit >= 0
heldout,fixed20_tabular_neural_control,W2,I1,0.8361823361823362,,0.9745370370370371,,0.13116313659026588,78,6,72,0.07692307692307693,4,4,68,2,0.0,raw_logit >= 0
heldout,fixed20_tabular_neural_control,W3,I1,0.8178571428571428,,0.9884259259259259,,0.0847281505905091,78,6,72,0.07692307692307693,3,1,71,3,0.0,raw_logit >= 0
heldout,fixed20_tabular_neural_control,W4,I1,0.5851851851851853,,0.9467592592592593,,0.1603516083095524,78,6,72,0.07692307692307693,2,3,69,4,0.0,raw_logit >= 0
heldout,fixed20_tabular_neural_control,W1,I2,0.9166666666666667,,0.9861111111111112,,0.09242039400145884,78,6,72,0.07692307692307693,4,0,72,2,0.0,raw_logit >= 0
heldout,fixed20_tabular_neural_control,W2,I2,0.7069444444444445,,0.9652777777777778,,0.11880201479793251,78,6,72,0.07692307692307693,4,1,71,2,0.0,raw_logit >= 0
heldout,fixed20_tabular_neural_control,W3,I2,0.7847222222222222,,0.9791666666666666,,0.1050652373680622,78,6,72,0.07692307692307693,2,1,71,4,0.0,raw_logit >= 0
heldout,fixed20_tabular_neural_control,W4,I2,0.5478174603174604,,0.9375,,0.175415185388127,78,6,72,0.07692307692307693,2,1,71,4,0.0,raw_logit >= 0
heldout,fixed20_tabular_neural_control,W1,I3,0.9166666666666667,,0.9861111111111112,,0.06863343962426112,78,6,72,0.07692307692307693,5,0,72,1,0.0,raw_logit >= 0
heldout,fixed20_tabular_neural_control,W2,I3,0.7221250971250971,,0.9629629629629629,,0.23491235359219517,78,6,72,0.07692307692307693,4,3,69,2,0.0,raw_logit >= 0
heldout,fixed20_tabular_neural_control,W3,I3,0.8178571428571428,,0.9884259259259259,,0.06168908519246317,78,6,72,0.07692307692307693,5,1,71,1,0.0,raw_logit >= 0
heldout,fixed20_tabular_neural_control,W4,I3,0.47053872053872053,,0.9490740740740741,,0.2617767430727509,78,6,72,0.07692307692307693,2,2,70,4,0.0,raw_logit >= 0
heldout,fixed20_tabular_neural_control,W1,I4,0.9047619047619048,,0.9814814814814815,,0.11301321494300492,78,6,72,0.07692307692307693,1,0,72,5,0.0,raw_logit >= 0
heldout,fixed20_tabular_neural_control,W2,I4,0.7519230769230768,,0.9675925925925926,,0.1290604583832364,78,6,72,0.07692307692307693,4,4,68,2,0.0,raw_logit >= 0
heldout,fixed20_tabular_neural_control,W3,I4,0.7551587301587301,,0.9791666666666666,,0.10395678612564538,78,6,72,0.07692307692307693,4,1,71,2,0.0,raw_logit >= 0
heldout,fixed20_tabular_neural_control,W4,I4,0.43022486772486773,,0.9375,,0.17547167742611425,78,6,72,0.07692307692307693,2,2,70,4,0.0,raw_logit >= 0
heldout,fixed20_tabular_neural_control,W1,I5,0.9047619047619048,,0.9814814814814815,,0.09105926956179006,78,6,72,0.07692307692307693,5,0,72,1,0.0,raw_logit >= 0
heldout,fixed20_tabular_neural_control,W2,I5,0.7311868686868688,,0.9745370370370371,,0.11230519176518652,78,6,72,0.07692307692307693,4,1,71,2,0.0,raw_logit >= 0
heldout,fixed20_tabular_neural_control,W3,I5,0.9761904761904762,,0.9976851851851852,,0.09369558275573853,78,6,72,0.07692307692307693,4,0,72,2,0.0,raw_logit >= 0
heldout,fixed20_tabular_neural_control,W4,I5,0.5121082621082621,,0.9490740740740741,,0.1552283834319323,78,6,72,0.07692307692307693,2,1,71,4,0.0,raw_logit >= 0
heldout,cellular_cwn_style_local,W1,I1,0.13608058608058607,,0.7037037037037037,,0.2536419817851953,78,6,72,0.07692307692307693,0,0,72,6,0.0,raw_logit >= 0
heldout,cellular_cwn_style_local,W2,I1,0.181630291005291,,0.7708333333333334,,0.21858149547018327,78,6,72,0.07692307692307693,0,0,72,6,0.0,raw_logit >= 0
heldout,cellular_cwn_style_local,W3,I1,0.3036473973973974,,0.7569444444444444,,0.21773618736823516,78,6,72,0.07692307692307693,0,0,72,6,0.0,raw_logit >= 0
heldout,cellular_cwn_style_local,W4,I1,0.1445634040755992,,0.7222222222222222,,0.22756069288591918,78,6,72,0.07692307692307693,0,0,72,6,0.0,raw_logit >= 0
heldout,cellular_cwn_style_local,W1,I2,0.18975141617405042,,0.7453703703703703,,0.22687440556056168,78,6,72,0.07692307692307693,0,0,72,6,0.0,raw_logit >= 0
heldout,cellular_cwn_style_local,W2,I2,0.14923524364700835,,0.7314814814814815,,0.22033401000006306,78,6,72,0.07692307692307693,0,0,72,6,0.0,raw_logit >= 0
heldout,cellular_cwn_style_local,W3,I2,0.24876998932726488,,0.8333333333333334,,0.21584144834138017,78,6,72,0.07692307692307693,0,0,72,6,0.0,raw_logit >= 0
heldout,cellular_cwn_style_local,W4,I2,0.2967377794078693,,0.7615740740740741,,0.22179791869842283,78,6,72,0.07692307692307693,0,0,72,6,0.0,raw_logit >= 0
heldout,cellular_cwn_style_local,W1,I3,0.15733796296296296,,0.7384259259259259,,0.23498662457994166,78,6,72,0.07692307692307693,0,0,72,6,0.0,raw_logit >= 0
heldout,cellular_cwn_style_local,W2,I3,0.4622777896765903,,0.8240740740740741,,0.20712689530437403,78,6,72,0.07692307692307693,0,0,72,6,0.0,raw_logit >= 0
heldout,cellular_cwn_style_local,W3,I3,0.1775511967603422,,0.7708333333333334,,0.22070167388785075,78,6,72,0.07692307692307693,0,0,72,6,0.0,raw_logit >= 0
heldout,cellular_cwn_style_local,W4,I3,0.1459762758149855,,0.7013888888888888,,0.2253386351215269,78,6,72,0.07692307692307693,0,0,72,6,0.0,raw_logit >= 0
heldout,cellular_cwn_style_local,W1,I4,0.1853945207847204,,0.7245370370370371,,0.2879038880866862,78,6,72,0.07692307692307693,0,0,72,6,0.0,raw_logit >= 0
heldout,cellular_cwn_style_local,W2,I4,0.34542321713374347,,0.8472222222222222,,0.20063891328846492,78,6,72,0.07692307692307693,0,0,72,6,0.0,raw_logit >= 0
heldout,cellular_cwn_style_local,W3,I4,0.21487775217613928,,0.7800925925925926,,0.2680889740079515,78,6,72,0.07692307692307693,0,2,70,6,0.0,raw_logit >= 0
heldout,cellular_cwn_style_local,W4,I4,0.1536839835226932,,0.7106481481481481,,0.298459916955887,78,6,72,0.07692307692307693,0,0,72,6,0.0,raw_logit >= 0
heldout,cellular_cwn_style_local,W1,I5,0.14315448518347068,,0.7199074074074074,,0.29004132514399333,78,6,72,0.07692307692307693,0,2,70,6,0.0,raw_logit >= 0
heldout,cellular_cwn_style_local,W2,I5,0.30069603599015365,,0.7939814814814815,,0.24820919286101095,78,6,72,0.07692307692307693,1,2,70,5,0.0,raw_logit >= 0
heldout,cellular_cwn_style_local,W3,I5,0.19638368167779932,,0.7708333333333334,,0.2832862648236804,78,6,72,0.07692307692307693,0,1,71,6,0.0,raw_logit >= 0
heldout,cellular_cwn_style_local,W4,I5,0.16553624820633805,,0.7361111111111112,,0.32452166926594916,78,6,72,0.07692307692307693,0,1,71,6,0.0,raw_logit >= 0
heldout,cellular_hasse_mechanism_control,W1,I1,0.24714026915113874,,0.7962962962962963,,0.21972118999450324,78,6,72,0.07692307692307693,0,0,72,6,0.0,raw_logit >= 0
heldout,cellular_hasse_mechanism_control,W2,I1,0.15560402435402435,,0.7361111111111112,,0.2215613052429716,78,6,72,0.07692307692307693,0,0,72,6,0.0,raw_logit >= 0
heldout,cellular_hasse_mechanism_control,W3,I1,0.22949948400412795,,0.8333333333333334,,0.2192891071539547,78,6,72,0.07692307692307693,0,0,72,6,0.0,raw_logit >= 0
heldout,cellular_hasse_mechanism_control,W4,I1,0.21535550792516736,,0.7430555555555556,,0.22156137382816532,78,6,72,0.07692307692307693,0,0,72,6,0.0,raw_logit >= 0
heldout,cellular_hasse_mechanism_control,W1,I2,0.13110159149179113,,0.6898148148148148,,0.2744941606666314,78,6,72,0.07692307692307693,0,0,72,6,0.0,raw_logit >= 0
heldout,cellular_hasse_mechanism_control,W2,I2,0.43522408963585435,,0.7708333333333334,,0.2136743760260625,78,6,72,0.07692307692307693,0,0,72,6,0.0,raw_logit >= 0
heldout,cellular_hasse_mechanism_control,W3,I2,0.2115508365508366,,0.7777777777777778,,0.2316180155481614,78,6,72,0.07692307692307693,0,0,72,6,0.0,raw_logit >= 0
heldout,cellular_hasse_mechanism_control,W4,I2,0.13909250471750473,,0.7060185185185185,,0.22422168537109846,78,6,72,0.07692307692307693,0,0,72,6,0.0,raw_logit >= 0
heldout,cellular_hasse_mechanism_control,W1,I3,0.37023809523809526,,0.8333333333333334,,0.21498766942393993,78,6,72,0.07692307692307693,0,0,72,6,0.0,raw_logit >= 0
heldout,cellular_hasse_mechanism_control,W2,I3,0.2656770130454341,,0.8148148148148148,,0.2138283123351754,78,6,72,0.07692307692307693,0,0,72,6,0.0,raw_logit >= 0
heldout,cellular_hasse_mechanism_control,W3,I3,0.2045625942684766,,0.7592592592592593,,0.22532024079374402,78,6,72,0.07692307692307693,0,0,72,6,0.0,raw_logit >= 0
heldout,cellular_hasse_mechanism_control,W4,I3,0.18625878625878625,,0.7337962962962963,,0.24930293836621162,78,6,72,0.07692307692307693,0,0,72,6,0.0,raw_logit >= 0
heldout,cellular_hasse_mechanism_control,W1,I4,0.13374501315677786,,0.6967592592592593,,0.2356717198341167,78,6,72,0.07692307692307693,0,0,72,6,0.0,raw_logit >= 0
heldout,cellular_hasse_mechanism_control,W2,I4,0.43914141414141417,,0.7800925925925926,,0.21581420001353363,78,6,72,0.07692307692307693,0,0,72,6,0.0,raw_logit >= 0
heldout,cellular_hasse_mechanism_control,W3,I4,0.19242283058072532,,0.7870370370370371,,0.2180689116390377,78,6,72,0.07692307692307693,0,0,72,6,0.0,raw_logit >= 0
heldout,cellular_hasse_mechanism_control,W4,I4,0.1618844565116495,,0.7615740740740741,,0.22437613639302517,78,6,72,0.07692307692307693,0,0,72,6,0.0,raw_logit >= 0
heldout,cellular_hasse_mechanism_control,W1,I5,0.24735449735449738,,0.8009259259259259,,0.22011579943755885,78,6,72,0.07692307692307693,0,0,72,6,0.0,raw_logit >= 0
heldout,cellular_hasse_mechanism_control,W2,I5,0.15016661046072813,,0.7268518518518519,,0.22119377217966926,78,6,72,0.07692307692307693,0,0,72,6,0.0,raw_logit >= 0
heldout,cellular_hasse_mechanism_control,W3,I5,0.25898320680929376,,0.8449074074074074,,0.21965323418558413,78,6,72,0.07692307692307693,0,0,72,6,0.0,raw_logit >= 0
heldout,cellular_hasse_mechanism_control,W4,I5,0.3200069148132275,,0.7615740740740741,,0.22095006555467256,78,6,72,0.07692307692307693,0,0,72,6,0.0,raw_logit >= 0
heldout,directed_local_edge_gnn,W1,I1,0.22115342016657807,,0.8287037037037037,,0.20452034096766608,78,6,72,0.07692307692307693,0,0,72,6,0.0,raw_logit >= 0
heldout,directed_local_edge_gnn,W2,I1,0.14074092625986034,,0.7222222222222222,,0.21917192713372183,78,6,72,0.07692307692307693,0,0,72,6,0.0,raw_logit >= 0
heldout,directed_local_edge_gnn,W3,I1,0.6498316498316498,,0.9305555555555556,,0.19126457912380262,78,6,72,0.07692307692307693,0,0,72,6,0.0,raw_logit >= 0
heldout,directed_local_edge_gnn,W4,I1,0.2115546218487395,,0.7754629629629629,,0.21498974151203193,78,6,72,0.07692307692307693,0,0,72,6,0.0,raw_logit >= 0
heldout,directed_local_edge_gnn,W1,I2,0.24584500466853407,,0.8518518518518519,,0.20256832518315168,78,6,72,0.07692307692307693,0,0,72,6,0.0,raw_logit >= 0
heldout,directed_local_edge_gnn,W2,I2,0.15058179217105944,,0.7430555555555556,,0.22001694980368902,78,6,72,0.07692307692307693,0,0,72,6,0.0,raw_logit >= 0
heldout,directed_local_edge_gnn,W3,I2,0.504978354978355,,0.9189814814814815,,0.19036159949962178,78,6,72,0.07692307692307693,0,0,72,6,0.0,raw_logit >= 0
heldout,directed_local_edge_gnn,W4,I2,0.19683350067600544,,0.7800925925925926,,0.2162875504106381,78,6,72,0.07692307692307693,0,0,72,6,0.0,raw_logit >= 0
heldout,directed_local_edge_gnn,W1,I3,0.2516788766788767,,0.8518518518518519,,0.20494258974769464,78,6,72,0.07692307692307693,0,0,72,6,0.0,raw_logit >= 0
heldout,directed_local_edge_gnn,W2,I3,0.1363835398318157,,0.7152777777777778,,0.22126661771182016,78,6,72,0.07692307692307693,0,0,72,6,0.0,raw_logit >= 0
heldout,directed_local_edge_gnn,W3,I3,0.5601851851851852,,0.9259259259259259,,0.19233789020028463,78,6,72,0.07692307692307693,0,0,72,6,0.0,raw_logit >= 0
heldout,directed_local_edge_gnn,W4,I3,0.16218383849084628,,0.7523148148148148,,0.21640594048697295,78,6,72,0.07692307692307693,0,0,72,6,0.0,raw_logit >= 0
heldout,directed_local_edge_gnn,W1,I4,0.23809523809523808,,0.8333333333333334,,0.20636159948419402,78,6,72,0.07692307692307693,0,0,72,6,0.0,raw_logit >= 0
heldout,directed_local_edge_gnn,W2,I4,0.14334185929013515,,0.7291666666666666,,0.22302618975579536,78,6,72,0.07692307692307693,0,0,72,6,0.0,raw_logit >= 0
heldout,directed_local_edge_gnn,W3,I4,0.5932539682539683,,0.9166666666666666,,0.1922458336899798,78,6,72,0.07692307692307693,0,0,72,6,0.0,raw_logit >= 0
heldout,directed_local_edge_gnn,W4,I4,0.20051375827237897,,0.7800925925925926,,0.2168721204685289,78,6,72,0.07692307692307693,0,0,72,6,0.0,raw_logit >= 0
heldout,directed_local_edge_gnn,W1,I5,0.17017299431092534,,0.7638888888888888,,0.21095091577857902,78,6,72,0.07692307692307693,0,0,72,6,0.0,raw_logit >= 0
heldout,directed_local_edge_gnn,W2,I5,0.14595045773750775,,0.7314814814814815,,0.21923803182063933,78,6,72,0.07692307692307693,0,0,72,6,0.0,raw_logit >= 0
heldout,directed_local_edge_gnn,W3,I5,0.45666666666666667,,0.8773148148148148,,0.193937939070273,78,6,72,0.07692307692307693,0,0,72,6,0.0,raw_logit >= 0
heldout,directed_local_edge_gnn,W4,I5,0.20651340996168582,,0.7870370370370371,,0.21037722781355078,78,6,72,0.07692307692307693,0,0,72,6,0.0,raw_logit >= 0
heldout,simplicial_mpsn_style_local,W1,I1,0.19722222222222222,,0.8009259259259259,,0.21900687635881072,78,6,72,0.07692307692307693,0,0,72,6,0.0,raw_logit >= 0
heldout,simplicial_mpsn_style_local,W2,I1,0.22272079772079773,,0.8009259259259259,,0.2192350317436402,78,6,72,0.07692307692307693,0,0,72,6,0.0,raw_logit >= 0
heldout,simplicial_mpsn_style_local,W3,I1,0.214390861449685,,0.8078703703703703,,0.21839580661090616,78,6,72,0.07692307692307693,0,0,72,6,0.0,raw_logit >= 0
heldout,simplicial_mpsn_style_local,W4,I1,0.31117504973003696,,0.7754629629629629,,0.21957416335259994,78,6,72,0.07692307692307693,0,0,72,6,0.0,raw_logit >= 0
heldout,simplicial_mpsn_style_local,W1,I2,0.23885836385836387,,0.8402777777777778,,0.21826375115264945,78,6,72,0.07692307692307693,0,0,72,6,0.0,raw_logit >= 0
heldout,simplicial_mpsn_style_local,W2,I2,0.2635709644481574,,0.8009259259259259,,0.21871341187797702,78,6,72,0.07692307692307693,0,0,72,6,0.0,raw_logit >= 0
heldout,simplicial_mpsn_style_local,W3,I2,0.2740455041296556,,0.8402777777777778,,0.21746796269017388,78,6,72,0.07692307692307693,0,0,72,6,0.0,raw_logit >= 0
heldout,simplicial_mpsn_style_local,W4,I2,0.24718058592297942,,0.7870370370370371,,0.2186892605235274,78,6,72,0.07692307692307693,0,0,72,6,0.0,raw_logit >= 0
heldout,simplicial_mpsn_style_local,W1,I3,0.2648571547559554,,0.8125,,0.21894368019150454,78,6,72,0.07692307692307693,0,0,72,6,0.0,raw_logit >= 0
heldout,simplicial_mpsn_style_local,W2,I3,0.34289828105617576,,0.8125,,0.21900364662483598,78,6,72,0.07692307692307693,0,0,72,6,0.0,raw_logit >= 0
heldout,simplicial_mpsn_style_local,W3,I3,0.23752411035019733,,0.8194444444444444,,0.21840689158264867,78,6,72,0.07692307692307693,0,0,72,6,0.0,raw_logit >= 0
heldout,simplicial_mpsn_style_local,W4,I3,0.22761312761312763,,0.7638888888888888,,0.21983066982257107,78,6,72,0.07692307692307693,0,0,72,6,0.0,raw_logit >= 0
heldout,simplicial_mpsn_style_local,W1,I4,0.23783497204549836,,0.8356481481481481,,0.21798297879548761,78,6,72,0.07692307692307693,0,0,72,6,0.0,raw_logit >= 0
heldout,simplicial_mpsn_style_local,W2,I4,0.24372969460688762,,0.8009259259259259,,0.21914050597504633,78,6,72,0.07692307692307693,0,0,72,6,0.0,raw_logit >= 0
heldout,simplicial_mpsn_style_local,W3,I4,0.28099528099528104,,0.8310185185185185,,0.21764851914689162,78,6,72,0.07692307692307693,0,0,72,6,0.0,raw_logit >= 0
heldout,simplicial_mpsn_style_local,W4,I4,0.22977915804002763,,0.7731481481481481,,0.21857346810364667,78,6,72,0.07692307692307693,0,0,72,6,0.0,raw_logit >= 0
heldout,simplicial_mpsn_style_local,W1,I5,0.17607484268101328,,0.7708333333333334,,0.22060571493949732,78,6,72,0.07692307692307693,0,0,72,6,0.0,raw_logit >= 0
heldout,simplicial_mpsn_style_local,W2,I5,0.17517806267806268,,0.7731481481481481,,0.21980936316975253,78,6,72,0.07692307692307693,0,0,72,6,0.0,raw_logit >= 0
heldout,simplicial_mpsn_style_local,W3,I5,0.1855685980685981,,0.7939814814814815,,0.21925251525433892,78,6,72,0.07692307692307693,0,0,72,6,0.0,raw_logit >= 0
heldout,simplicial_mpsn_style_local,W4,I5,0.32184944684944683,,0.7916666666666666,,0.2191658379575722,78,6,72,0.07692307692307693,0,0,72,6,0.0,raw_logit >= 0
heldout,gbdt_fixed20,W1,I1,1.0,,1.0,,0.03234465313704773,78,6,72,0.07692307692307693,5,0,72,1,0.0,raw_logit >= 0
heldout,gbdt_fixed20,W2,I1,0.5092592592592593,,0.9560185185185185,,0.20867637749936038,78,6,72,0.07692307692307693,5,4,68,1,0.0,raw_logit >= 0
heldout,gbdt_fixed20,W3,I1,0.915079365079365,,0.9930555555555556,,0.04741989320894068,78,6,72,0.07692307692307693,5,1,71,1,0.0,raw_logit >= 0
heldout,gbdt_fixed20,W4,I1,1.0,,1.0,,0.010865880881177391,78,6,72,0.07692307692307693,6,0,72,0,0.0,raw_logit >= 0
heldout,gbdt_fixed20,W1,I2,1.0,,1.0,,0.03234465313704773,78,6,72,0.07692307692307693,5,0,72,1,0.0,raw_logit >= 0
heldout,gbdt_fixed20,W2,I2,0.5092592592592593,,0.9560185185185185,,0.20867637749936038,78,6,72,0.07692307692307693,5,4,68,1,0.0,raw_logit >= 0
heldout,gbdt_fixed20,W3,I2,0.915079365079365,,0.9930555555555556,,0.04741989320894068,78,6,72,0.07692307692307693,5,1,71,1,0.0,raw_logit >= 0
heldout,gbdt_fixed20,W4,I2,1.0,,1.0,,0.010865880881177391,78,6,72,0.07692307692307693,6,0,72,0,0.0,raw_logit >= 0
heldout,gbdt_fixed20,W1,I3,1.0,,1.0,,0.03234465313704773,78,6,72,0.07692307692307693,5,0,72,1,0.0,raw_logit >= 0
heldout,gbdt_fixed20,W2,I3,0.5092592592592593,,0.9560185185185185,,0.20867637749936038,78,6,72,0.07692307692307693,5,4,68,1,0.0,raw_logit >= 0
heldout,gbdt_fixed20,W3,I3,0.915079365079365,,0.9930555555555556,,0.04741989320894068,78,6,72,0.07692307692307693,5,1,71,1,0.0,raw_logit >= 0
heldout,gbdt_fixed20,W4,I3,1.0,,1.0,,0.010865880881177391,78,6,72,0.07692307692307693,6,0,72,0,0.0,raw_logit >= 0
heldout,gbdt_fixed20,W1,I4,1.0,,1.0,,0.03234465313704773,78,6,72,0.07692307692307693,5,0,72,1,0.0,raw_logit >= 0
heldout,gbdt_fixed20,W2,I4,0.5092592592592593,,0.9560185185185185,,0.20867637749936038,78,6,72,0.07692307692307693,5,4,68,1,0.0,raw_logit >= 0
heldout,gbdt_fixed20,W3,I4,0.915079365079365,,0.9930555555555556,,0.04741989320894068,78,6,72,0.07692307692307693,5,1,71,1,0.0,raw_logit >= 0
heldout,gbdt_fixed20,W4,I4,1.0,,1.0,,0.010865880881177391,78,6,72,0.07692307692307693,6,0,72,0,0.0,raw_logit >= 0
heldout,gbdt_fixed20,W1,I5,1.0,,1.0,,0.03234465313704773,78,6,72,0.07692307692307693,5,0,72,1,0.0,raw_logit >= 0
heldout,gbdt_fixed20,W2,I5,0.5092592592592593,,0.9560185185185185,,0.20867637749936038,78,6,72,0.07692307692307693,5,4,68,1,0.0,raw_logit >= 0
heldout,gbdt_fixed20,W3,I5,0.915079365079365,,0.9930555555555556,,0.04741989320894068,78,6,72,0.07692307692307693,5,1,71,1,0.0,raw_logit >= 0
heldout,gbdt_fixed20,W4,I5,1.0,,1.0,,0.010865880881177391,78,6,72,0.07692307692307693,6,0,72,0,0.0,raw_logit >= 0
